Player_ID,Name,Nationality,Position,Minutes,PAV,PDV
0,Rodri,Spain,DM,3036,0.4405339967484984,3.3320975468654326
1,Lamine Yamal,Spain,FW,2997,1.3831731249379067,0.6860662290675232
2,Spain Player 2,Spain,GK,3028,0.38607354499018876,0.08605193387153202
3,Spain Player 3,Spain,GK,3038,0.328463886514043,0.06538923825274283
4,Spain Player 4,Spain,GK,2893,0.30240894421217507,0.05249399009517226
5,Spain Player 5,Spain,CB,3011,0.3493825882881583,2.598703127158868
6,Spain Player 6,Spain,CB,2938,0.29903270124382,2.537024923474887
7,Spain Player 7,Spain,CB,3033,0.34050592012023656,2.521675410277168
8,Spain Player 8,Spain,CB,2859,0.39407833925213087,2.342022090539168
9,Spain Player 9,Spain,CB,2965,0.43340755367311323,2.746241191761847
10,Spain Player 10,Spain,FB,2804,0.44343835119465913,1.7614036449339805
11,Spain Player 11,Spain,FB,2991,0.5334060654753923,1.5918246376779785
12,Spain Player 12,Spain,FB,3043,0.47053069207143033,1.6045926738926415
13,Spain Player 13,Spain,FB,2922,0.49031115748922455,1.773274106120922
14,Spain Player 14,Spain,DM,2840,0.33705834090544495,2.554161406271999
15,Spain Player 15,Spain,DM,3074,0.3095116955987825,2.322920256825636
16,Spain Player 16,Spain,CM,3016,0.4618900890770225,0.5338352269318818
17,Spain Player 17,Spain,CM,3022,0.4241021166826877,0.6995654453612193
18,Spain Player 18,Spain,CM,3038,0.45828305179538814,0.6039626672287707
19,Spain Player 19,Spain,AM,2960,1.1419088408750808,0.45917537543410647
20,Spain Player 20,Spain,AM,2900,1.1589430525319417,0.5935999103900109
21,Spain Player 21,Spain,AM,2831,1.0633458626505454,0.5699221664973327
22,Spain Player 22,Spain,FW,2883,0.9376181419691066,0.5343296238797439
23,Spain Player 23,Spain,FW,2811,1.0285321337453728,0.5990616586545706
24,Spain Player 24,Spain,FW,2971,0.9753577479761975,0.39916235294015406
25,Spain Player 25,Spain,FW,2903,1.0134781468910214,0.5587232205800581
26,Cristiano Ronaldo,Portugal,FW,3073,1.3576599801611384,0.631691019880856
27,Bruno Fernandes,Portugal,AM,3053,1.5384121833885325,0.6772388855572988
28,Portugal Player 28,Portugal,GK,2983,0.3271478636433422,0.044423731335425314
29,Portugal Player 29,Portugal,GK,3004,0.2984630556509417,0.02184508095298918
30,Portugal Player 30,Portugal,GK,2894,0.3389484341870707,0.04959181365990152
31,Portugal Player 31,Portugal,CB,2904,0.2626352221516835,2.67327240354721
32,Portugal Player 32,Portugal,CB,3035,0.3050922311794809,2.4678040853151244
33,Portugal Player 33,Portugal,CB,2930,0.34722172163910425,2.60981570441988
34,Portugal Player 34,Portugal,CB,3065,0.31338976471060453,2.5090434078354598
35,Portugal Player 35,Portugal,CB,2979,0.3485585296322554,2.703476301186836
36,Portugal Player 36,Portugal,FB,3012,0.4524179187475232,1.6299415643451447
37,Portugal Player 37,Portugal,FB,2899,0.4734324072280938,1.5910051838070962
38,Portugal Player 38,Portugal,FB,2901,0.47173423109225693,1.564922150954438
39,Portugal Player 39,Portugal,FB,3117,0.5057374542963531,1.7795124279740981
40,Portugal Player 40,Portugal,DM,3054,0.27192916792265354,2.52731835090593
41,Portugal Player 41,Portugal,DM,3011,0.3120500142656862,2.3829583502423084
42,Portugal Player 42,Portugal,DM,2981,0.2635948343535563,2.4503260536272133
43,Portugal Player 43,Portugal,CM,2937,0.48744397215161256,0.5343783074997539
44,Portugal Player 44,Portugal,CM,3017,0.4842795626962692,0.6048446172157481
45,Portugal Player 45,Portugal,CM,3153,0.4538380107999782,0.5991917487009291
46,Portugal Player 46,Portugal,AM,3146,1.1803906504588757,0.6099520106106385
47,Portugal Player 47,Portugal,AM,3013,1.0554276882256228,0.6317250574837397
48,Portugal Player 48,Portugal,FW,3012,0.9949806155944616,0.4383497960275818
49,Portugal Player 49,Portugal,FW,2992,1.0166931177021021,0.4791140620551611
50,Portugal Player 50,Portugal,FW,3089,1.0321067897226246,0.5507530418621283
51,Portugal Player 51,Portugal,FW,3072,1.0042269753786257,0.5874271016683261
52,Kylian Mbappé,France,FW,2957,1.3815787920512044,0.5899394401496486
53,Antoine Griezmann,France,AM,2890,1.5141584098940937,0.6281587501199848
54,France Player 54,France,GK,2965,0.3060821586410784,0.09976737345765309
55,France Player 55,France,GK,2955,0.28867293765115876,0.07724010805374762
56,France Player 56,France,GK,3003,0.3132001393428998,0.03587682889307307
57,France Player 57,France,CB,2930,0.35762630453551447,2.458947823585557
58,France Player 58,France,CB,3070,0.30843585033679183,2.5792850221664945
59,France Player 59,France,CB,2942,0.3475519415458556,2.5520726388629997
60,France Player 60,France,CB,2910,0.4111459815917092,2.5003450750997613
61,France Player 61,France,CB,3089,0.3392504238518407,2.608199373466778
62,France Player 62,France,FB,3064,0.4862499509038404,1.598081128097349
63,France Player 63,France,FB,2943,0.39589070721442815,1.62246953463685
64,France Player 64,France,FB,2941,0.5472541139443738,1.5998634167262855
65,France Player 65,France,FB,3045,0.49328562701098205,1.6648540674272692
66,France Player 66,France,DM,2899,0.39375938096588675,2.6115793762666986
67,France Player 67,France,DM,2773,0.3362719330600784,2.5332629769815673
68,France Player 68,France,DM,3020,0.3200629326338556,2.623441179946065
69,France Player 69,France,CM,2931,0.4560300796080467,0.4217292922771418
70,France Player 70,France,CM,3100,0.40359819088659105,0.44802937069792764
71,France Player 71,France,CM,3001,0.4436095562456703,0.6727263688434402
72,France Player 72,France,AM,2993,1.0960888300069265,0.5933103039175767
73,France Player 73,France,AM,2965,1.1676268141405568,0.6368797998488045
74,France Player 74,France,FW,3103,1.027638001141291,0.6652811262960474
75,France Player 75,France,FW,2935,1.0115454821321885,0.5137181656626487
76,France Player 76,France,FW,3033,0.9952073753442683,0.5707318932079865
77,France Player 77,France,FW,3009,0.9754523800368912,0.5406623337570702
78,Jude Bellingham,England,AM,2987,1.5864580885164503,0.7666765064810097
79,Harry Kane,England,FW,3038,1.3873187284141486,0.6428139804514658
80,England Player 80,England,GK,2930,0.29751810638584014,0.118562499324518
81,England Player 81,England,GK,2868,0.3170114776951204,0.08020568462929052
82,England Player 82,England,GK,3096,0.3562079748752883,0.018367345529841195
83,England Player 83,England,CB,2964,0.35391253437017683,2.4874373375009866
84,England Player 84,England,CB,2920,0.3484452657998184,2.5464717157256653
85,England Player 85,England,CB,2871,0.3124741017658713,2.4814917763835638
86,England Player 86,England,CB,3055,0.34853797681233056,2.533948634773853
87,England Player 87,England,CB,2906,0.4645314225608149,2.4107020108155197
88,England Player 88,England,FB,3037,0.4269768579832239,1.5880702767920045
89,England Player 89,England,FB,2943,0.435317245238737,1.8281449150091043
90,England Player 90,England,FB,2934,0.4323853699006288,1.7678287292940456
91,England Player 91,England,FB,3148,0.4585980793047178,1.8008265703924717
92,England Player 92,England,DM,3024,0.3875003392227531,2.4417452827644244
93,England Player 93,England,DM,2995,0.3208131906652138,2.4294607626918117
94,England Player 94,England,DM,2843,0.27781614249635667,2.458851624435763
95,England Player 95,England,CM,2924,0.5578015742650242,0.559796415037644
96,England Player 96,England,CM,2976,0.4882493083256195,0.5784876424300783
97,England Player 97,England,CM,2947,0.44648641052855503,0.5232815964015021
98,England Player 98,England,AM,2933,1.0890193710999503,0.4751231521328312
99,England Player 99,England,AM,2968,1.1057090781503982,0.5926519355289593
100,England Player 100,England,FW,2966,1.0129262762002624,0.5065139996897002
101,England Player 101,England,FW,2977,0.9497710722155375,0.6125544011038618
102,England Player 102,England,FW,2964,1.0676699481473466,0.5949629959145417
103,England Player 103,England,FW,2955,0.9907871825265929,0.4508301776751156
104,Belgium Player 104,Belgium,GK,2879,0.3655121529161682,0.02058761878487047
105,Belgium Player 105,Belgium,GK,2874,0.28993983762326436,0.0772843272503509
106,Belgium Player 106,Belgium,GK,3109,0.347750471058667,0.06532578316065156
107,Belgium Player 107,Belgium,CB,3087,0.37057217055694547,2.3391520972348423
108,Belgium Player 108,Belgium,CB,2948,0.31856547734555146,2.420729019523335
109,Belgium Player 109,Belgium,CB,3029,0.3128087601161827,2.335632437641659
110,Belgium Player 110,Belgium,CB,2945,0.3394954308373388,2.348020888845714
111,Belgium Player 111,Belgium,CB,3118,0.3763311262658352,2.387732227868758
112,Belgium Player 112,Belgium,FB,3012,0.4662423345504723,1.5429081576123094
113,Belgium Player 113,Belgium,FB,2975,0.49504826324272627,1.5914598328062857
114,Belgium Player 114,Belgium,FB,2890,0.45288127118723537,1.715369245816592
115,Belgium Player 115,Belgium,FB,3005,0.4469847995690116,1.5228948175730295
116,Belgium Player 116,Belgium,DM,3013,0.31327134781265625,2.4730556395778773
117,Belgium Player 117,Belgium,DM,3135,0.26998386942613756,2.3699089828125754
118,Belgium Player 118,Belgium,DM,3034,0.2858538826957945,2.1621076058570328
119,Belgium Player 119,Belgium,CM,3079,0.4091295983329915,0.5238245942297686
120,Belgium Player 120,Belgium,CM,2956,0.44850520394468474,0.5948531779360682
121,Belgium Player 121,Belgium,CM,2984,0.42874551991288845,0.46953228274852277
122,Belgium Player 122,Belgium,AM,2957,1.064273866355609,0.520690985564494
123,Belgium Player 123,Belgium,AM,2789,1.0713010639205427,0.6989525058161045
124,Belgium Player 124,Belgium,AM,2924,1.0870828868820088,0.3864751131770568
125,Belgium Player 125,Belgium,FW,2991,0.9568095135133752,0.47694480596901667
126,Belgium Player 126,Belgium,FW,2804,0.9833928274950761,0.5925135843793755
127,Belgium Player 127,Belgium,FW,3022,0.8972953082134609,0.6269000188825391
128,Belgium Player 128,Belgium,FW,2957,0.905710918984308,0.44906439205359194
129,Belgium Player 129,Belgium,FW,2984,0.9308208580054547,0.6137023257182388
130,Netherlands Player 130,Netherlands,GK,2968,0.2961096084044152,-0.0152300963292507
131,Netherlands Player 131,Netherlands,GK,3007,0.2609386888467731,0.09856249648956755
132,Netherlands Player 132,Netherlands,GK,2921,0.3102385129774045,0.10676465335286767
133,Netherlands Player 133,Netherlands,CB,2989,0.2908146298396278,2.3157695590046488
134,Netherlands Player 134,Netherlands,CB,3008,0.2741236381120476,2.481746787554254
135,Netherlands Player 135,Netherlands,CB,2740,0.30198236037576826,2.4364114404106645
136,Netherlands Player 136,Netherlands,CB,2986,0.26484696498071064,2.4481546432694814
137,Netherlands Player 137,Netherlands,CB,3000,0.3400014046661224,2.428353365686333
138,Netherlands Player 138,Netherlands,FB,3156,0.4386053284202341,1.6155714459479766
139,Netherlands Player 139,Netherlands,FB,2797,0.47558370943257966,1.6532834940144983
140,Netherlands Player 140,Netherlands,FB,2915,0.42637113769949575,1.5932199138468794
141,Netherlands Player 141,Netherlands,FB,2933,0.49312952699093043,1.8165812883272345
142,Netherlands Player 142,Netherlands,DM,2990,0.35482133214377665,2.571981022565995
143,Netherlands Player 143,Netherlands,DM,2902,0.28826020515629486,2.30226776620915
144,Netherlands Player 144,Netherlands,DM,2969,0.3055555378556238,2.326981953288345
145,Netherlands Player 145,Netherlands,CM,2878,0.38587442885848117,0.6447898874144095
146,Netherlands Player 146,Netherlands,CM,3008,0.5074833334455893,0.5713650296599506
147,Netherlands Player 147,Netherlands,CM,3013,0.4225639398523563,0.6262598392612391
148,Netherlands Player 148,Netherlands,AM,3000,1.083663291551634,0.474101552815989
149,Netherlands Player 149,Netherlands,AM,2834,1.05072298749728,0.4766610924581243
150,Netherlands Player 150,Netherlands,AM,2950,1.1759903963276002,0.5605001532206677
151,Netherlands Player 151,Netherlands,FW,2987,0.9083281732395374,0.6616232987671629
152,Netherlands Player 152,Netherlands,FW,2945,1.0204923010529157,0.6130853159978683
153,Netherlands Player 153,Netherlands,FW,3057,0.8799977057256663,0.4798789053134181
154,Netherlands Player 154,Netherlands,FW,3047,0.9739660703072334,0.552642478294658
155,Netherlands Player 155,Netherlands,FW,2951,0.9090670674059317,0.5418397102177333
156,Italy Player 156,Italy,GK,2930,0.31231724850223513,0.0848956772680909
157,Italy Player 157,Italy,GK,2904,0.3265989307149855,0.07000921882604502
158,Italy Player 158,Italy,GK,3078,0.30663846448902016,0.04759436843704606
159,Italy Player 159,Italy,CB,2997,0.31842820808302164,2.4944011694691017
160,Italy Player 160,Italy,CB,2932,0.28644777973898744,2.4755960408166557
161,Italy Player 161,Italy,CB,3033,0.3171580671559043,2.281606070425863
162,Italy Player 162,Italy,CB,3093,0.32439380690999237,2.3645475912838774
163,Italy Player 163,Italy,CB,2836,0.3605328331551343,2.4244555997389754
164,Italy Player 164,Italy,FB,3100,0.38717734169442747,1.6046540124711708
165,Italy Player 165,Italy,FB,3070,0.4331687705718096,1.5058096906094862
166,Italy Player 166,Italy,FB,2828,0.4407033428840227,1.511262411247948
167,Italy Player 167,Italy,FB,2911,0.44654854150194717,1.7262536288818777
168,Italy Player 168,Italy,DM,2789,0.3388556017474623,2.398532018920026
169,Italy Player 169,Italy,DM,2868,0.318243358712454,2.518529440242944
170,Italy Player 170,Italy,DM,2912,0.19832493219820319,2.2786066387897543
171,Italy Player 171,Italy,CM,2853,0.42907350311970766,0.5871748077874026
172,Italy Player 172,Italy,CM,2848,0.3999260747838984,0.5852810654032452
173,Italy Player 173,Italy,CM,2914,0.41732334739506416,0.6035717543170179
174,Italy Player 174,Italy,AM,3049,1.097712203604671,0.44765057638854794
175,Italy Player 175,Italy,AM,3060,1.1122240715136837,0.5608373091424825
176,Italy Player 176,Italy,AM,2966,1.0388777589664735,0.5560224949658013
177,Italy Player 177,Italy,FW,2906,1.0184242979035172,0.47039527542173015
178,Italy Player 178,Italy,FW,3002,0.9199052340794213,0.5751389237276542
179,Italy Player 179,Italy,FW,2850,0.9948833470730686,0.43577656539704956
180,Italy Player 180,Italy,FW,3121,0.9574232056360713,0.4881904591787976
181,Italy Player 181,Italy,FW,2809,0.9355151973244037,0.4975403535912469
182,Germany Player 182,Germany,GK,3094,0.28709279232789897,0.04864612626310907
183,Germany Player 183,Germany,GK,3105,0.3674205238885306,0.1350299732766157
184,Germany Player 184,Germany,GK,2986,0.3173502408930201,0.06277085375715354
185,Germany Player 185,Germany,CB,2872,0.33649319940024536,2.6182551356896755
186,Germany Player 186,Germany,CB,2868,0.31240632005229474,2.6068694629969986
187,Germany Player 187,Germany,CB,3004,0.36540231541461665,2.5782115984443954
188,Germany Player 188,Germany,CB,3037,0.2955319122859276,2.628287252061596
189,Germany Player 189,Germany,CB,3021,0.32313293463779696,2.54294953170282
190,Germany Player 190,Germany,FB,3035,0.4862867555749586,1.6127436800478159
191,Germany Player 191,Germany,FB,3026,0.37367453320436217,1.6894772710676775
192,Germany Player 192,Germany,FB,2948,0.45327932843711377,1.7140092606130586
193,Germany Player 193,Germany,FB,2985,0.4897134547903959,1.6935985799821405
194,Germany Player 194,Germany,DM,2960,0.31254838396401036,2.479619765615717
195,Germany Player 195,Germany,DM,2913,0.3660316785477429,2.711194745239396
196,Germany Player 196,Germany,DM,2888,0.32839624456237526,2.5611723744631982
197,Germany Player 197,Germany,CM,2969,0.4377860780632082,0.5648894314586169
198,Germany Player 198,Germany,CM,3008,0.4700540443843284,0.4568477914400405
199,Germany Player 199,Germany,CM,2901,0.42117998199613216,0.5370607548204772
200,Germany Player 200,Germany,AM,2950,1.1239486397424219,0.6382227151607435
201,Germany Player 201,Germany,AM,3011,1.0627730112278961,0.4956345946339495
202,Germany Player 202,Germany,AM,2911,1.1226150227155234,0.5885143089577626
203,Germany Player 203,Germany,FW,3015,1.0320405730307325,0.7657523119359348
204,Germany Player 204,Germany,FW,3008,1.0011556618916588,0.542854605692504
205,Germany Player 205,Germany,FW,3182,1.0187606772244213,0.5238802953821478
206,Germany Player 206,Germany,FW,3141,0.9090195435970599,0.5402970737001161
207,Germany Player 207,Germany,FW,3091,0.9332180344760642,0.5079406618078752
208,Croatia Player 208,Croatia,GK,2895,0.2531086835973487,-0.0015325626424428785
209,Croatia Player 209,Croatia,GK,2902,0.3870045160839102,0.06365547963995025
210,Croatia Player 210,Croatia,GK,2867,0.2837309972807446,0.03572080111776579
211,Croatia Player 211,Croatia,CB,3012,0.3657612352286329,2.3684940383264212
212,Croatia Player 212,Croatia,CB,3018,0.34070907235857867,2.4518035617026115
213,Croatia Player 213,Croatia,CB,2987,0.34646047614861136,2.456493819986256
214,Croatia Player 214,Croatia,CB,3006,0.35360116496217797,2.327516892985104
215,Croatia Player 215,Croatia,CB,3046,0.3349148697906877,2.302709707342375
216,Croatia Player 216,Croatia,FB,2883,0.3580553620527694,1.6575060260160115
217,Croatia Player 217,Croatia,FB,3093,0.4077485951375471,1.5432366232935
218,Croatia Player 218,Croatia,FB,2981,0.4296869742465017,1.6708206750773076
219,Croatia Player 219,Croatia,FB,2993,0.40935303377057747,1.5264310064971711
220,Croatia Player 220,Croatia,DM,2891,0.34859102756719834,2.3575129881668135
221,Croatia Player 221,Croatia,DM,2985,0.2947580494984155,2.4419687663920797
222,Croatia Player 222,Croatia,DM,2960,0.33819233738498106,2.454217526440902
223,Croatia Player 223,Croatia,CM,2977,0.4748097506605443,0.4951739448921092
224,Croatia Player 224,Croatia,CM,3047,0.3993452424549063,0.5633005976400948
225,Croatia Player 225,Croatia,CM,2930,0.3954367277030358,0.5685427509329568
226,Croatia Player 226,Croatia,AM,2741,1.0095375015089478,0.6133963596163143
227,Croatia Player 227,Croatia,AM,2968,1.0525361313897057,0.5410691122475335
228,Croatia Player 228,Croatia,AM,2855,0.9948883492907306,0.4985698171965153
229,Croatia Player 229,Croatia,FW,2900,0.8900866069684688,0.44822861178786993
230,Croatia Player 230,Croatia,FW,2928,0.9101028202254062,0.5268222160879404
231,Croatia Player 231,Croatia,FW,2899,0.9734751097650927,0.44622316795183425
232,Croatia Player 232,Croatia,FW,3011,0.8853062551559027,0.5689221748924816
233,Croatia Player 233,Croatia,FW,3036,0.9140422754783867,0.6173612360883428
234,Switzerland Player 234,Switzerland,GK,2929,0.24882345153512117,0.061452562968825473
235,Switzerland Player 235,Switzerland,GK,2943,0.2682157161108273,0.11215894936257906
236,Switzerland Player 236,Switzerland,GK,2904,0.24691201008300048,0.03356568526983025
237,Switzerland Player 237,Switzerland,CB,2923,0.2218978248504674,1.779828779713243
238,Switzerland Player 238,Switzerland,CB,2973,0.280708593501849,1.9245424789442425
239,Switzerland Player 239,Switzerland,CB,3123,0.23979852782152308,1.9478864671624432
240,Switzerland Player 240,Switzerland,CB,2929,0.22350619490429519,1.8063469144393343
241,Switzerland Player 241,Switzerland,CB,2983,0.2748015598505497,1.7981600623726646
242,Switzerland Player 242,Switzerland,FB,2992,0.4031686869674336,1.2676776808984853
243,Switzerland Player 243,Switzerland,FB,2815,0.3930327272625037,1.2517851980859283
244,Switzerland Player 244,Switzerland,FB,2979,0.3861556275317658,1.1717968199468052
245,Switzerland Player 245,Switzerland,FB,2849,0.36670558805517456,1.240862655833482
246,Switzerland Player 246,Switzerland,DM,2979,0.18882593674732642,1.8991392990563307
247,Switzerland Player 247,Switzerland,DM,2936,0.30288777904036973,1.7800143085230042
248,Switzerland Player 248,Switzerland,DM,2885,0.25899645546911454,1.8181483156413896
249,Switzerland Player 249,Switzerland,CM,2938,0.3738433655109225,0.36038119476579406
250,Switzerland Player 250,Switzerland,CM,2996,0.3868291076864389,0.3866534591826395
251,Switzerland Player 251,Switzerland,CM,2741,0.3631862597949345,0.4396577178998508
252,Switzerland Player 252,Switzerland,AM,2915,0.8460105599632216,0.4843395276926169
253,Switzerland Player 253,Switzerland,AM,2970,0.826505973833347,0.5043655603545687
254,Switzerland Player 254,Switzerland,AM,3076,0.8614284090962686,0.4052182236090688
255,Switzerland Player 255,Switzerland,FW,3016,0.7673680317754319,0.4223456332924951
256,Switzerland Player 256,Switzerland,FW,3062,0.753682801273393,0.5796636855540472
257,Switzerland Player 257,Switzerland,FW,3121,0.8126716235430568,0.40387579781356814
258,Switzerland Player 258,Switzerland,FW,3057,0.7548732366151966,0.3986424056169577
259,Switzerland Player 259,Switzerland,FW,3075,0.8044487617991741,0.4274636928459994
260,Denmark Player 260,Denmark,GK,2968,0.21475971507863423,0.1032575403139173
261,Denmark Player 261,Denmark,GK,3012,0.27218774170065746,0.08073748426534093
262,Denmark Player 262,Denmark,GK,2889,0.2972752403337501,0.07103942670202595
263,Denmark Player 263,Denmark,CB,2868,0.2568646117252679,1.9566126863908757
264,Denmark Player 264,Denmark,CB,2935,0.29332039524918146,1.9940729030404685
265,Denmark Player 265,Denmark,CB,2986,0.3045838844099915,1.8901796057623983
266,Denmark Player 266,Denmark,CB,2910,0.20351795562624714,1.8746837174885114
267,Denmark Player 267,Denmark,CB,3010,0.27397898679327,1.907764716148426
268,Denmark Player 268,Denmark,FB,3020,0.3349982443755454,1.394811380402179
269,Denmark Player 269,Denmark,FB,3093,0.34558388885048646,1.296167177257065
270,Denmark Player 270,Denmark,FB,2927,0.35124823753403517,1.2385406700608639
271,Denmark Player 271,Denmark,FB,2797,0.33958597505149307,1.3317683907708968
272,Denmark Player 272,Denmark,DM,2925,0.28480462888700664,1.8621825002278793
273,Denmark Player 273,Denmark,DM,2896,0.2682379582208768,1.7865899761111226
274,Denmark Player 274,Denmark,DM,2980,0.21862559979886517,1.9114533405750527
275,Denmark Player 275,Denmark,CM,2984,0.3894608109614237,0.38764271074623424
276,Denmark Player 276,Denmark,CM,2870,0.33329212776203043,0.44318689560365143
277,Denmark Player 277,Denmark,CM,2776,0.3379071415126852,0.5134292047158435
278,Denmark Player 278,Denmark,AM,2930,0.8931100253640805,0.4170965365588459
279,Denmark Player 279,Denmark,AM,2877,0.8607604780613995,0.464964576466202
280,Denmark Player 280,Denmark,AM,2979,0.7886310013385204,0.4783305177650539
281,Denmark Player 281,Denmark,FW,3005,0.715535469908193,0.5510360331620627
282,Denmark Player 282,Denmark,FW,2959,0.7141415142771084,0.3821913527058365
283,Denmark Player 283,Denmark,FW,3091,0.7533905743317243,0.35382326986755547
284,Denmark Player 284,Denmark,FW,3012,0.7373817717141928,0.3989633886640486
285,Denmark Player 285,Denmark,FW,3035,0.6613036994282605,0.5205644023906962
286,Serbia Player 286,Serbia,GK,3025,0.22358926810250965,0.04845553491399807
287,Serbia Player 287,Serbia,GK,3065,0.21828847923276914,0.0825872779016549
288,Serbia Player 288,Serbia,GK,3005,0.15461051786454144,0.03058745211088557
289,Serbia Player 289,Serbia,CB,2968,0.1948206467927519,1.2388715575419775
290,Serbia Player 290,Serbia,CB,3034,0.20765792317790954,1.2435259768051388
291,Serbia Player 291,Serbia,CB,3000,0.1636161215700763,1.3291284809087882
292,Serbia Player 292,Serbia,CB,2930,0.1912032134934825,1.2805047097415994
293,Serbia Player 293,Serbia,CB,3008,0.21130201498944115,1.1926788812050313
294,Serbia Player 294,Serbia,FB,2984,0.21789264820249532,0.8444554122367411
295,Serbia Player 295,Serbia,FB,3115,0.20167554198293486,0.8343661820118958
296,Serbia Player 296,Serbia,FB,3050,0.2292575958229824,0.8723311551297666
297,Serbia Player 297,Serbia,FB,2994,0.24406967364384888,0.8028971902369253
298,Serbia Player 298,Serbia,DM,2926,0.18212141923767564,1.1669848072547075
299,Serbia Player 299,Serbia,DM,2974,0.17418124271110344,1.1269300097537556
300,Serbia Player 300,Serbia,DM,3057,0.18475415396937347,1.1828286933800896
301,Serbia Player 301,Serbia,CM,2971,0.27349054071529477,0.35659411109106115
302,Serbia Player 302,Serbia,CM,3024,0.28540629744549845,0.31556581225989616
303,Serbia Player 303,Serbia,CM,3008,0.23063239790188264,0.27348961069579564
304,Serbia Player 304,Serbia,AM,2925,0.5834994714399738,0.30788807820047126
305,Serbia Player 305,Serbia,AM,2882,0.583430519369116,0.34221794054779137
306,Serbia Player 306,Serbia,AM,2872,0.5018486806565859,0.33598220925086175
307,Serbia Player 307,Serbia,FW,3053,0.4954272538947879,0.27636231862884403
308,Serbia Player 308,Serbia,FW,2966,0.4832821685788255,0.32771752006280314
309,Serbia Player 309,Serbia,FW,3026,0.5015867966696613,0.28113334089712755
310,Serbia Player 310,Serbia,FW,2951,0.5170374688093367,0.33904543476945814
311,Serbia Player 311,Serbia,FW,2994,0.47487951163858516,0.2640597249948994
312,Poland Player 312,Poland,GK,3048,0.19962849646569789,0.008057557458781478
313,Poland Player 313,Poland,GK,3186,0.2048409609041039,0.004066808957138075
314,Poland Player 314,Poland,GK,3006,0.13129924391903647,0.08513350476443961
315,Poland Player 315,Poland,CB,2932,0.20860005690567895,1.3006723499146593
316,Poland Player 316,Poland,CB,3049,0.19157795572560823,1.2611434662857977
317,Poland Player 317,Poland,CB,3036,0.1473328419024443,1.292117797743746
318,Poland Player 318,Poland,CB,2917,0.18459348494592684,1.2232792937218002
319,Poland Player 319,Poland,CB,3078,0.1522530198376184,1.3145171055130576
320,Poland Player 320,Poland,FB,3183,0.20240473178002027,0.830666772438987
321,Poland Player 321,Poland,FB,2860,0.20742336010401533,0.9071050136580027
322,Poland Player 322,Poland,FB,3025,0.25874792057319934,0.8832820504890199
323,Poland Player 323,Poland,FB,2946,0.23323356865516226,0.8929224311663988
324,Poland Player 324,Poland,DM,3045,0.14300988372118056,1.2315384587217553
325,Poland Player 325,Poland,DM,3055,0.1308939870454375,1.1806201162563272
326,Poland Player 326,Poland,DM,3126,0.1988813976846469,1.2407655755271205
327,Poland Player 327,Poland,CM,2967,0.2363046785728783,0.2108598411584887
328,Poland Player 328,Poland,CM,2924,0.2672791129769031,0.3816494154418846
329,Poland Player 329,Poland,CM,2932,0.26517186922721847,0.2715196780242115
330,Poland Player 330,Poland,AM,2828,0.5843093945491212,0.35335697669633476
331,Poland Player 331,Poland,AM,2968,0.5514384736330087,0.332987650825464
332,Poland Player 332,Poland,AM,3041,0.5334635196086127,0.3725737496280049
333,Poland Player 333,Poland,FW,3087,0.5085526451693395,0.25102367181183777
334,Poland Player 334,Poland,FW,2865,0.5178260886489559,0.31268385988302383
335,Poland Player 335,Poland,FW,2951,0.5354554031303154,0.31183175086461395
336,Poland Player 336,Poland,FW,3029,0.500334933776221,0.3170549022703461
337,Poland Player 337,Poland,FW,2967,0.4705817427051799,0.32232652571468484
338,Scotland Player 338,Scotland,GK,2920,0.18972661014430767,-0.02085684301364984
339,Scotland Player 339,Scotland,GK,2885,0.13300622550092947,0.017932153446336772
340,Scotland Player 340,Scotland,GK,3010,0.1585914283812646,0.03488349467540475
341,Scotland Player 341,Scotland,CB,3051,0.16450104409539068,1.0874700041764012
342,Scotland Player 342,Scotland,CB,2887,0.18315555827156454,1.1350928874998916
343,Scotland Player 343,Scotland,CB,2962,0.18838569011134812,1.0514745092490334
344,Scotland Player 344,Scotland,CB,3008,0.18832524504928613,1.146356646444722
345,Scotland Player 345,Scotland,CB,3022,0.20445066038833234,1.1322308820275861
346,Scotland Player 346,Scotland,FB,2959,0.215985969327234,0.7221117265101552
347,Scotland Player 347,Scotland,FB,3012,0.23648879636765338,0.8378835648995454
348,Scotland Player 348,Scotland,FB,2815,0.2258780835613068,0.6977267824062983
349,Scotland Player 349,Scotland,FB,2982,0.22755653665286188,0.8359437224528912
350,Scotland Player 350,Scotland,DM,2913,0.20134767119022137,1.125397500235729
351,Scotland Player 351,Scotland,DM,2950,0.19510526987099044,1.0535052247837549
352,Scotland Player 352,Scotland,DM,2957,0.18533801843358974,1.17520635029009
353,Scotland Player 353,Scotland,CM,2791,0.22593827813571699,0.2949984500489603
354,Scotland Player 354,Scotland,CM,2937,0.23803024638918485,0.21290357852044636
355,Scotland Player 355,Scotland,CM,2932,0.236713467421371,0.23310793662569249
356,Scotland Player 356,Scotland,AM,2939,0.5459517486928369,0.24264336569328013
357,Scotland Player 357,Scotland,AM,2995,0.489867640850547,0.2635027760125428
358,Scotland Player 358,Scotland,AM,2986,0.4537725395328327,0.30473894182357153
359,Scotland Player 359,Scotland,FW,2889,0.462314308558484,0.28112807056699113
360,Scotland Player 360,Scotland,FW,2904,0.47278853393218945,0.25885210075127046
361,Scotland Player 361,Scotland,FW,2887,0.46453890104664586,0.28130485947459144
362,Scotland Player 362,Scotland,FW,3005,0.44602576397710414,0.2959915170073645
363,Scotland Player 363,Scotland,FW,2995,0.43168530594541155,0.27394818318252767
364,Austria Player 364,Austria,GK,3024,0.1440227319274929,0.03776677930843286
365,Austria Player 365,Austria,GK,2811,0.20482922805093692,-0.0060445475934748265
366,Austria Player 366,Austria,GK,3033,0.1953104549712682,-0.002727500376465958
367,Austria Player 367,Austria,CB,2953,0.21719516921762272,1.1725710949870771
368,Austria Player 368,Austria,CB,3001,0.15470280942371753,1.17302276327395
369,Austria Player 369,Austria,CB,2976,0.20021412398502578,1.0788780767874435
370,Austria Player 370,Austria,CB,3010,0.16873212700847393,1.1875576785889645
371,Austria Player 371,Austria,CB,2954,0.15394336538481374,1.1603649955712578
372,Austria Player 372,Austria,FB,2962,0.24291584372791453,0.6958139134180192
373,Austria Player 373,Austria,FB,3005,0.24981289227655615,0.8545217691674635
374,Austria Player 374,Austria,FB,3185,0.24024167558150675,0.6667795044875602
375,Austria Player 375,Austria,FB,3002,0.24500622004663664,0.7850580599133979
376,Austria Player 376,Austria,DM,3002,0.18051854902576045,1.0905494145919752
377,Austria Player 377,Austria,DM,2966,0.1875147460336799,1.083653140622099
378,Austria Player 378,Austria,DM,2954,0.14426652869359902,1.0705056124713352
379,Austria Player 379,Austria,CM,3006,0.22082868127270708,0.3483530499461502
380,Austria Player 380,Austria,CM,2937,0.24036923259186926,0.37155741924199764
381,Austria Player 381,Austria,CM,3126,0.23962060833053514,0.25161899640775104
382,Austria Player 382,Austria,AM,3001,0.4952900168365143,0.2737104376751301
383,Austria Player 383,Austria,AM,2985,0.5231422926390311,0.2806331656203636
384,Austria Player 384,Austria,AM,3119,0.5098981289186798,0.28041480726703194
385,Austria Player 385,Austria,FW,2960,0.44223267916623726,0.3112038594151062
386,Austria Player 386,Austria,FW,3174,0.45215708821920003,0.35665918976639405
387,Austria Player 387,Austria,FW,3026,0.45882379699084974,0.24694420799201075
388,Austria Player 388,Austria,FW,2924,0.467972735331451,0.3399730633282605
389,Austria Player 389,Austria,FW,3082,0.44925588794243576,0.3034491859756355
390,Ukraine Player 390,Ukraine,GK,2757,0.18803630457627485,0.020833370983500556
391,Ukraine Player 391,Ukraine,GK,3003,0.19245189761679565,0.007254122094235211
392,Ukraine Player 392,Ukraine,GK,3027,0.15887614888806922,0.08371177657183083
393,Ukraine Player 393,Ukraine,CB,2972,0.17338164635032485,1.2000351638801936
394,Ukraine Player 394,Ukraine,CB,3117,0.19620019266482694,1.3245810485445482
395,Ukraine Player 395,Ukraine,CB,2881,0.15999879600351052,1.154467777171285
396,Ukraine Player 396,Ukraine,CB,2902,0.21046403069043673,1.2650276035271482
397,Ukraine Player 397,Ukraine,CB,2856,0.19336862336197164,1.2439486299396307
398,Ukraine Player 398,Ukraine,FB,2907,0.265481810428965,0.8952988254579209
399,Ukraine Player 399,Ukraine,FB,3134,0.24784316601670675,0.8405867759701872
400,Ukraine Player 400,Ukraine,FB,2990,0.22707176918327523,0.8364887889511549
401,Ukraine Player 401,Ukraine,FB,2953,0.2271551935079306,0.7345657161301651
402,Ukraine Player 402,Ukraine,DM,2921,0.1425435848730401,1.2437759201895129
403,Ukraine Player 403,Ukraine,DM,3052,0.1779959498429286,1.257482237241423
404,Ukraine Player 404,Ukraine,DM,3062,0.18345148201064435,1.1748979428885569
405,Ukraine Player 405,Ukraine,CM,2983,0.2442315838670595,0.37557680522116393
406,Ukraine Player 406,Ukraine,CM,2961,0.22897040018017242,0.23935191230550065
407,Ukraine Player 407,Ukraine,CM,3124,0.2108311586838354,0.2896277703838644
408,Ukraine Player 408,Ukraine,AM,2949,0.5507171325142114,0.23971890705901924
409,Ukraine Player 409,Ukraine,AM,2988,0.5638383366560425,0.23667477771268808
410,Ukraine Player 410,Ukraine,AM,2999,0.5542911664691443,0.1747405583341177
411,Ukraine Player 411,Ukraine,FW,2909,0.50193495882566,0.33535387180267007
412,Ukraine Player 412,Ukraine,FW,3084,0.45485708250199536,0.31927266677329674
413,Ukraine Player 413,Ukraine,FW,2997,0.4988092379231131,0.30191739883468893
414,Ukraine Player 414,Ukraine,FW,2988,0.47574850612379355,0.29908178696593773
415,Ukraine Player 415,Ukraine,FW,2957,0.541685997008976,0.28498906377740063
416,Lionel Messi,Argentina,FW,3052,1.2861213620889476,0.6095803076107451
417,Emiliano Martínez,Argentina,GK,2996,0.39713976316804606,0.02287163255054009
418,Argentina Player 418,Argentina,GK,3086,0.3029635705618595,0.022137206172516584
419,Argentina Player 419,Argentina,GK,3023,0.364763324894462,0.06457588337666444
420,Argentina Player 420,Argentina,CB,3008,0.2665581103300436,2.5503644913510324
421,Argentina Player 421,Argentina,CB,3026,0.3302098373640446,2.6049924023505713
422,Argentina Player 422,Argentina,CB,3059,0.2982373160105519,2.7373491288508958
423,Argentina Player 423,Argentina,CB,2916,0.30991136298387034,2.5279720871300055
424,Argentina Player 424,Argentina,CB,3170,0.3153846434473874,2.5630839421232023
425,Argentina Player 425,Argentina,FB,2972,0.4718728340908846,1.6888431116100007
426,Argentina Player 426,Argentina,FB,3023,0.46692210627758285,1.7042260626979553
427,Argentina Player 427,Argentina,FB,2992,0.4909722259995382,1.7357458316995948
428,Argentina Player 428,Argentina,FB,2962,0.46776039971438316,1.5947437741782087
429,Argentina Player 429,Argentina,DM,3049,0.36484677858451586,2.5197703333487405
430,Argentina Player 430,Argentina,DM,3085,0.35185594252237656,2.481943255499653
431,Argentina Player 431,Argentina,DM,3100,0.30343094865960357,2.628827079027368
432,Argentina Player 432,Argentina,CM,2865,0.4623044350447289,0.6750073720049842
433,Argentina Player 433,Argentina,CM,2850,0.45019573265250135,0.5144046168914153
434,Argentina Player 434,Argentina,CM,2983,0.4500306950074132,0.4865797555452646
435,Argentina Player 435,Argentina,AM,2968,1.1258598936813422,0.630227730017589
436,Argentina Player 436,Argentina,AM,3114,1.2449074283205832,0.5018322425894757
437,Argentina Player 437,Argentina,AM,2877,1.0662612069961228,0.5697288661122935
438,Argentina Player 438,Argentina,FW,3060,1.0601992294765668,0.5450660348200559
439,Argentina Player 439,Argentina,FW,3019,0.9614520607972109,0.5802055366488705
440,Argentina Player 440,Argentina,FW,2990,1.0034815264198265,0.6497884898223867
441,Argentina Player 441,Argentina,FW,3005,0.9130183375539227,0.5755361614888036
442,Uruguay Player 442,Uruguay,GK,2938,0.2956333029478151,0.0713433031280522
443,Uruguay Player 443,Uruguay,GK,2890,0.32014128852621443,0.047516199036720067
444,Uruguay Player 444,Uruguay,GK,2996,0.32355448913724966,0.06618770199630919
445,Uruguay Player 445,Uruguay,CB,2914,0.3136468190664093,2.4157219358532185
446,Uruguay Player 446,Uruguay,CB,2921,0.2445407860228489,2.3587265095103707
447,Uruguay Player 447,Uruguay,CB,2871,0.3442470234870241,2.4828650558515357
448,Uruguay Player 448,Uruguay,CB,3077,0.2901446990780172,2.4259305729000267
449,Uruguay Player 449,Uruguay,CB,2955,0.3214851547182875,2.3652286332294024
450,Uruguay Player 450,Uruguay,FB,2911,0.4669005428358645,1.648635349285844
451,Uruguay Player 451,Uruguay,FB,3004,0.42753125957423227,1.6318957984881703
452,Uruguay Player 452,Uruguay,FB,3084,0.45513241441992275,1.5792480274965441
453,Uruguay Player 453,Uruguay,FB,3097,0.4646107798089645,1.7332001778287323
454,Uruguay Player 454,Uruguay,DM,3070,0.315251575567216,2.375924363140563
455,Uruguay Player 455,Uruguay,DM,3034,0.3097972122730593,2.3247524213480864
456,Uruguay Player 456,Uruguay,DM,2936,0.3046546741955092,2.532651464272602
457,Uruguay Player 457,Uruguay,CM,2715,0.5137379814626408,0.4889341466812657
458,Uruguay Player 458,Uruguay,CM,2954,0.4393390177580086,0.5407460822844257
459,Uruguay Player 459,Uruguay,CM,2950,0.4493736053621826,0.48525535041875023
460,Uruguay Player 460,Uruguay,AM,3039,1.090502018821967,0.45227025832100753
461,Uruguay Player 461,Uruguay,AM,2910,1.0562401824694942,0.4975957483968938
462,Uruguay Player 462,Uruguay,AM,3005,1.1078346886483368,0.48380142999938214
463,Uruguay Player 463,Uruguay,FW,3187,0.935891231072028,0.48546102669400243
464,Uruguay Player 464,Uruguay,FW,3061,0.9369190693567387,0.5575237621699408
465,Uruguay Player 465,Uruguay,FW,2844,1.0350803610048747,0.5858718077316052
466,Uruguay Player 466,Uruguay,FW,2941,0.861711771181287,0.40956600782923913
467,Uruguay Player 467,Uruguay,FW,3041,0.9849627192648805,0.5259876059528741
468,Paraguay Player 468,Paraguay,GK,3059,0.18478199232918693,-0.005719602688495931
469,Paraguay Player 469,Paraguay,GK,3065,0.21827497891665384,0.014486079136634515
470,Paraguay Player 470,Paraguay,GK,3010,0.20109058612947048,0.0027418707058278428
471,Paraguay Player 471,Paraguay,CB,3050,0.12278926061439455,1.2077030449006165
472,Paraguay Player 472,Paraguay,CB,2932,0.19456162920861844,1.0948543587255388
473,Paraguay Player 473,Paraguay,CB,2959,0.16523920674764433,1.1551525051792713
474,Paraguay Player 474,Paraguay,CB,3138,0.1735244942852084,1.1328693168823674
475,Paraguay Player 475,Paraguay,CB,3229,0.1832832585561896,1.1925051671168938
476,Paraguay Player 476,Paraguay,FB,3127,0.25625054514219964,0.8094294068363733
477,Paraguay Player 477,Paraguay,FB,2930,0.2513399944900038,0.727230512994708
478,Paraguay Player 478,Paraguay,FB,2915,0.22346320341558637,0.7103594869027957
479,Paraguay Player 479,Paraguay,FB,3053,0.25189745226363247,0.6955529326753627
480,Paraguay Player 480,Paraguay,DM,2979,0.15769986456128687,1.205332083528343
481,Paraguay Player 481,Paraguay,DM,2861,0.18221412544555032,1.1254273632471108
482,Paraguay Player 482,Paraguay,DM,2937,0.17138503159280968,1.0368264247352599
483,Paraguay Player 483,Paraguay,CM,3089,0.25016402355014333,0.3242781126383964
484,Paraguay Player 484,Paraguay,CM,3036,0.2311991255545191,0.2519494433747035
485,Paraguay Player 485,Paraguay,CM,2953,0.2118885428147098,0.3141348951937441
486,Paraguay Player 486,Paraguay,AM,2987,0.5579730738657301,0.34975237421392236
487,Paraguay Player 487,Paraguay,AM,3125,0.4877506867701167,0.3467672909058613
488,Paraguay Player 488,Paraguay,AM,2922,0.5669720520015326,0.23381098024509028
489,Paraguay Player 489,Paraguay,FW,3034,0.455494303018293,0.3376342427900924
490,Paraguay Player 490,Paraguay,FW,2869,0.42591870725416414,0.325153131141569
491,Paraguay Player 491,Paraguay,FW,3008,0.4450641030969104,0.28139853623727157
492,Paraguay Player 492,Paraguay,FW,2968,0.42158237709546514,0.28648421649094385
493,Paraguay Player 493,Paraguay,FW,2968,0.47293757111522183,0.3563501511421599
494,Vinícius Júnior,Brazil,FW,3141,1.3181690381666578,0.6492456968746608
495,Alisson,Brazil,GK,2938,0.38827411819783614,0.06546467528219466
496,Brazil Player 496,Brazil,GK,3078,0.3126825391017097,0.07180691509916755
497,Brazil Player 497,Brazil,GK,3008,0.30503823084064513,0.012764678296643347
498,Brazil Player 498,Brazil,CB,2864,0.3691191190384148,2.5374687300213896
499,Brazil Player 499,Brazil,CB,2958,0.32602219039519414,2.3226738674093546
500,Brazil Player 500,Brazil,CB,2983,0.3431121703317171,2.526070580018165
501,Brazil Player 501,Brazil,CB,3043,0.32638562413087596,2.6044799626094366
502,Brazil Player 502,Brazil,CB,3029,0.34658902313471535,2.4853783816083324
503,Brazil Player 503,Brazil,FB,3032,0.535185491121685,1.6479396947784741
504,Brazil Player 504,Brazil,FB,3137,0.4733510603030573,1.6275081865407575
505,Brazil Player 505,Brazil,FB,2884,0.4706258570311782,1.5891519399361373
506,Brazil Player 506,Brazil,FB,2898,0.48151027042170264,1.7137995763243128
507,Brazil Player 507,Brazil,DM,2884,0.357958777241202,2.455352223404502
508,Brazil Player 508,Brazil,DM,2943,0.2778085584597982,2.664422198641855
509,Brazil Player 509,Brazil,DM,3008,0.3101963895497033,2.4659697636818065
510,Brazil Player 510,Brazil,CM,2966,0.43356865064820976,0.5467917784286891
511,Brazil Player 511,Brazil,CM,2989,0.45051932996627164,0.5940423540593366
512,Brazil Player 512,Brazil,CM,2958,0.46208202851281743,0.5408271543878173
513,Brazil Player 513,Brazil,AM,2917,1.038946729277983,0.511297954343877
514,Brazil Player 514,Brazil,AM,2950,1.1973317428585082,0.6354669460114699
515,Brazil Player 515,Brazil,AM,2992,1.054072821836477,0.5627602728771378
516,Brazil Player 516,Brazil,FW,3044,0.9763728187229405,0.5912540820238004
517,Brazil Player 517,Brazil,FW,3002,0.9678041736573816,0.49343564510008026
518,Brazil Player 518,Brazil,FW,3098,0.9918186866841212,0.5560315995332948
519,Brazil Player 519,Brazil,FW,2905,1.0002020858216998,0.5714183126541207
520,Colombia Player 520,Colombia,GK,2905,0.26233790999816625,0.04555717802695087
521,Colombia Player 521,Colombia,GK,2928,0.26036084214004573,0.04006671632696501
522,Colombia Player 522,Colombia,GK,2962,0.2684864221730327,0.006683160321612032
523,Colombia Player 523,Colombia,CB,3052,0.24089175897991788,1.8248410409645535
524,Colombia Player 524,Colombia,CB,3026,0.2779780187556923,1.84558241113208
525,Colombia Player 525,Colombia,CB,2952,0.24522437181845477,1.8874527188894512
526,Colombia Player 526,Colombia,CB,3031,0.19262059210763896,1.8892446609272964
527,Colombia Player 527,Colombia,CB,3154,0.2748915172775517,1.6732462002332718
528,Colombia Player 528,Colombia,FB,3053,0.324667005320867,1.2530999678325265
529,Colombia Player 529,Colombia,FB,2924,0.43643889544566516,1.202076722971685
530,Colombia Player 530,Colombia,FB,2733,0.29476197061676973,1.3825227465057832
531,Colombia Player 531,Colombia,FB,3053,0.3216579029351948,1.2548589214457178
532,Colombia Player 532,Colombia,DM,2942,0.23461346433829458,1.719399029023634
533,Colombia Player 533,Colombia,DM,2980,0.23638631454869286,1.8679300142651152
534,Colombia Player 534,Colombia,DM,3066,0.241541011648113,1.8396304344677845
535,Colombia Player 535,Colombia,CM,2867,0.33901842421772327,0.3348213170634557
536,Colombia Player 536,Colombia,CM,2982,0.3400401699808187,0.41927768695401035
537,Colombia Player 537,Colombia,CM,2991,0.34878004129320006,0.3562509938519029
538,Colombia Player 538,Colombia,AM,2923,0.820007154765519,0.3931034037430609
539,Colombia Player 539,Colombia,AM,2964,0.8521535002776427,0.43199733869961604
540,Colombia Player 540,Colombia,AM,2864,0.7947948149176365,0.4395360024183761
541,Colombia Player 541,Colombia,FW,3155,0.7309396861686643,0.4475376727031888
542,Colombia Player 542,Colombia,FW,2945,0.7598805804443723,0.5158874781532661
543,Colombia Player 543,Colombia,FW,2895,0.7648243584912456,0.3433324184985875
544,Colombia Player 544,Colombia,FW,2912,0.7460470113071522,0.4950082258892389
545,Colombia Player 545,Colombia,FW,2954,0.8162288114928261,0.468176734799374
546,Ecuador Player 546,Ecuador,GK,2924,0.21035479778375366,-0.04160126332456299
547,Ecuador Player 547,Ecuador,GK,2981,0.16323471764566028,-0.0010694584370761772
548,Ecuador Player 548,Ecuador,GK,2998,0.16619922319616276,0.01877009541224532
549,Ecuador Player 549,Ecuador,CB,3165,0.1442209769051989,1.1579532402850292
550,Ecuador Player 550,Ecuador,CB,3019,0.15958970260680266,1.2461529115816323
551,Ecuador Player 551,Ecuador,CB,2970,0.17607425517145336,1.2471618513360287
552,Ecuador Player 552,Ecuador,CB,2985,0.16078649337900675,1.198020322260242
553,Ecuador Player 553,Ecuador,CB,3173,0.185314250912984,1.2596902929517042
554,Ecuador Player 554,Ecuador,FB,2891,0.23749702178898366,0.820356829718771
555,Ecuador Player 555,Ecuador,FB,3076,0.23126834900641574,0.8311125621654059
556,Ecuador Player 556,Ecuador,FB,2968,0.2200180306322157,0.7606856452315808
557,Ecuador Player 557,Ecuador,FB,2989,0.23439615933271543,0.825699984393863
558,Ecuador Player 558,Ecuador,DM,2917,0.20405822566979845,1.2587855053538037
559,Ecuador Player 559,Ecuador,DM,2935,0.18881327242832943,1.2503877966110595
560,Ecuador Player 560,Ecuador,DM,3058,0.20252333862622032,1.2766969966100121
561,Ecuador Player 561,Ecuador,CM,3114,0.21912211491923675,0.35428180573279017
562,Ecuador Player 562,Ecuador,CM,3122,0.24141182162958263,0.3366884506864459
563,Ecuador Player 563,Ecuador,CM,2798,0.2380164501813054,0.3703694724290858
564,Ecuador Player 564,Ecuador,AM,2913,0.5806501962682205,0.3027512163358518
565,Ecuador Player 565,Ecuador,AM,2988,0.5449837344919418,0.26230251052610193
566,Ecuador Player 566,Ecuador,AM,2834,0.5570719234628194,0.2629334698964069
567,Ecuador Player 567,Ecuador,FW,3034,0.46943618957345856,0.23470955218529366
568,Ecuador Player 568,Ecuador,FW,2930,0.4738297274444794,0.26464723388814104
569,Ecuador Player 569,Ecuador,FW,2899,0.45138144956582216,0.2867797642974796
570,Ecuador Player 570,Ecuador,FW,2975,0.47544809677393035,0.3391831926530317
571,Ecuador Player 571,Ecuador,FW,2912,0.4884890145259967,0.3086655539478764
572,Morocco Player 572,Morocco,GK,3009,0.250646829483665,0.0191209305439859
573,Morocco Player 573,Morocco,GK,2936,0.2507477694446461,0.0449404502591657
574,Morocco Player 574,Morocco,GK,3029,0.24093726191985607,0.10400479116539167
575,Morocco Player 575,Morocco,CB,3075,0.2594746147203534,1.8137977789817537
576,Morocco Player 576,Morocco,CB,3004,0.2438551265394441,1.711093225266596
577,Morocco Player 577,Morocco,CB,2924,0.27257770768536016,1.8738878807923467
578,Morocco Player 578,Morocco,CB,3029,0.22972225538579064,1.8021609966504861
579,Morocco Player 579,Morocco,CB,2979,0.2397022053412901,1.9124169464947567
580,Morocco Player 580,Morocco,FB,2963,0.3440540382772707,1.2633605744369791
581,Morocco Player 581,Morocco,FB,3024,0.35249047728210403,1.2068941139957003
582,Morocco Player 582,Morocco,FB,2970,0.396407300921022,1.1564439479098398
583,Morocco Player 583,Morocco,FB,3066,0.38390987258684856,1.342607305272734
584,Morocco Player 584,Morocco,DM,2983,0.2325975425860188,1.9055743346502183
585,Morocco Player 585,Morocco,DM,3038,0.2437657029814948,1.7836244219605517
586,Morocco Player 586,Morocco,DM,2873,0.2713580963442738,1.7488079780457688
587,Morocco Player 587,Morocco,CM,3031,0.32604080501142196,0.38237680531418444
588,Morocco Player 588,Morocco,CM,2943,0.3691785358297015,0.3887243107132158
589,Morocco Player 589,Morocco,CM,3166,0.3973192427695593,0.38138272985778593
590,Morocco Player 590,Morocco,AM,3082,0.8170406787922829,0.4993879730893923
591,Morocco Player 591,Morocco,AM,2961,0.7814454340005709,0.46115132349510896
592,Morocco Player 592,Morocco,AM,2961,0.848428861486637,0.44164678120485623
593,Morocco Player 593,Morocco,FW,2987,0.7825520037224359,0.46181789252586014
594,Morocco Player 594,Morocco,FW,3027,0.7362799923880042,0.5042197713395067
595,Morocco Player 595,Morocco,FW,3079,0.658810504684029,0.45312043722735706
596,Morocco Player 596,Morocco,FW,2993,0.6908195672119144,0.45000875165087034
597,Morocco Player 597,Morocco,FW,2994,0.7070401937876218,0.39356885107995976
598,Senegal Player 598,Senegal,GK,2980,0.27419182529210234,0.005318184978572321
599,Senegal Player 599,Senegal,GK,2905,0.24738261159241962,0.05789476350225501
600,Senegal Player 600,Senegal,GK,3065,0.25756600640877375,0.05281313707645133
601,Senegal Player 601,Senegal,CB,2941,0.2889740867567058,1.9473956384780364
602,Senegal Player 602,Senegal,CB,2896,0.26808612405416204,1.9009826696685181
603,Senegal Player 603,Senegal,CB,3111,0.29857257131565257,1.829777497097263
604,Senegal Player 604,Senegal,CB,3046,0.29389206610104995,1.7433754867271003
605,Senegal Player 605,Senegal,CB,2961,0.3081639761128114,1.933433031253438
606,Senegal Player 606,Senegal,FB,2997,0.3668579813890475,1.2482293451442548
607,Senegal Player 607,Senegal,FB,3145,0.33639096983376476,1.2364025701741534
608,Senegal Player 608,Senegal,FB,3129,0.3219006450070869,1.245810353141241
609,Senegal Player 609,Senegal,FB,2995,0.35049736771423434,1.2215031441633508
610,Senegal Player 610,Senegal,DM,2865,0.24945406347966562,1.8868154861829927
611,Senegal Player 611,Senegal,DM,3093,0.2293732251457063,1.7541440243983715
612,Senegal Player 612,Senegal,DM,2967,0.2598413890500764,1.8604376518433456
613,Senegal Player 613,Senegal,CM,3156,0.32965101661146257,0.4435720091544651
614,Senegal Player 614,Senegal,CM,2936,0.3931292754177803,0.38851145331145215
615,Senegal Player 615,Senegal,CM,2974,0.30755869628887694,0.4125606147414308
616,Senegal Player 616,Senegal,AM,3147,0.827660562687148,0.4371972839627005
617,Senegal Player 617,Senegal,AM,2951,0.8207164844628351,0.39643258098032974
618,Senegal Player 618,Senegal,AM,2966,0.7235894466330444,0.3768362359960131
619,Senegal Player 619,Senegal,FW,2864,0.7755158644476011,0.4407744695167423
620,Senegal Player 620,Senegal,FW,2926,0.6930356774436134,0.4472592472524133
621,Senegal Player 621,Senegal,FW,2921,0.7048751484833321,0.43435840658225483
622,Senegal Player 622,Senegal,FW,3049,0.7252831381275593,0.35142765609169546
623,Senegal Player 623,Senegal,FW,2976,0.7086674838786446,0.421205791640001
624,Egypt Player 624,Egypt,GK,2790,0.1776187760499277,0.048688735367097426
625,Egypt Player 625,Egypt,GK,2913,0.1462298797584268,-0.0298528147092643
626,Egypt Player 626,Egypt,GK,2989,0.15097739323468246,0.018934313519707875
627,Egypt Player 627,Egypt,CB,3021,0.18158598823874697,1.1151956773110892
628,Egypt Player 628,Egypt,CB,3119,0.16988350747876912,1.122563014798061
629,Egypt Player 629,Egypt,CB,2957,0.17379627027508535,1.1103977084308945
630,Egypt Player 630,Egypt,CB,2842,0.18486286602561247,1.1312938063046465
631,Egypt Player 631,Egypt,CB,3004,0.17822316583023073,1.1537724661188795
632,Egypt Player 632,Egypt,FB,2954,0.24653004069022305,0.7872918480125689
633,Egypt Player 633,Egypt,FB,2878,0.23387190556202891,0.7526807478747588
634,Egypt Player 634,Egypt,FB,3063,0.28111625781340066,0.8367683748150119
635,Egypt Player 635,Egypt,FB,2871,0.20499176604797678,0.7348905901828654
636,Egypt Player 636,Egypt,DM,2965,0.2047230799964536,1.1301096867529168
637,Egypt Player 637,Egypt,DM,3010,0.19810166382620034,1.1501226310135093
638,Egypt Player 638,Egypt,DM,2967,0.21219721343288583,1.1438622781992493
639,Egypt Player 639,Egypt,CM,2958,0.22308236483097638,0.24817963695116918
640,Egypt Player 640,Egypt,CM,2945,0.23922759208195518,0.21107006171481874
641,Egypt Player 641,Egypt,CM,2950,0.21500662994202063,0.3273737918566503
642,Egypt Player 642,Egypt,AM,3231,0.48461107468736625,0.22905897531687427
643,Egypt Player 643,Egypt,AM,2920,0.5176903731835166,0.30124399184768863
644,Egypt Player 644,Egypt,AM,2940,0.49828216148015547,0.34864435866899274
645,Egypt Player 645,Egypt,FW,2922,0.4357570395946881,0.2052580064473622
646,Egypt Player 646,Egypt,FW,3080,0.464720728647329,0.2576571200723001
647,Egypt Player 647,Egypt,FW,2978,0.4599165137908586,0.23265047031399497
648,Egypt Player 648,Egypt,FW,2905,0.37430167882987303,0.33285089317429556
649,Egypt Player 649,Egypt,FW,2856,0.4949695541142898,0.3526364867856476
650,Nigeria Player 650,Nigeria,GK,2906,0.1722511689267347,0.020449739704089497
651,Nigeria Player 651,Nigeria,GK,3013,0.22142398898479104,0.0676586548348354
652,Nigeria Player 652,Nigeria,GK,2946,0.17786139659057867,0.06631536393548138
653,Nigeria Player 653,Nigeria,CB,2818,0.1498344413854574,1.1582559104432684
654,Nigeria Player 654,Nigeria,CB,3051,0.1747264750593368,1.0814169000789828
655,Nigeria Player 655,Nigeria,CB,2910,0.181834444357134,1.1971670476315117
656,Nigeria Player 656,Nigeria,CB,2871,0.18502358666774338,1.107713346163414
657,Nigeria Player 657,Nigeria,CB,2981,0.17156789675033896,1.0523156815746857
658,Nigeria Player 658,Nigeria,FB,2962,0.21702707753134148,0.8817489069950654
659,Nigeria Player 659,Nigeria,FB,2885,0.2208355402250047,0.781766813470487
660,Nigeria Player 660,Nigeria,FB,3134,0.2055832691729019,0.7399705723674342
661,Nigeria Player 661,Nigeria,FB,2810,0.21228444020229253,0.7437972407417772
662,Nigeria Player 662,Nigeria,DM,2949,0.16991028456775684,1.1518808498072313
663,Nigeria Player 663,Nigeria,DM,2840,0.17058786844996385,1.1002034373952985
664,Nigeria Player 664,Nigeria,DM,2941,0.196714805593984,1.1411938611313968
665,Nigeria Player 665,Nigeria,CM,2935,0.22327300624591712,0.2912712824103639
666,Nigeria Player 666,Nigeria,CM,3040,0.2599711234755474,0.30308996811174527
667,Nigeria Player 667,Nigeria,CM,2974,0.2496347901104272,0.275073579516783
668,Nigeria Player 668,Nigeria,AM,3036,0.5145891237662121,0.29531538199804175
669,Nigeria Player 669,Nigeria,AM,2883,0.4929735090163981,0.22042971454083723
670,Nigeria Player 670,Nigeria,AM,3163,0.5202807184892315,0.29111735793877513
671,Nigeria Player 671,Nigeria,FW,2874,0.44742091859274613,0.32031582600901964
672,Nigeria Player 672,Nigeria,FW,3152,0.49396736650139345,0.28617051666050447
673,Nigeria Player 673,Nigeria,FW,3064,0.4568383176527344,0.24275574210676693
674,Nigeria Player 674,Nigeria,FW,2936,0.4176056100503427,0.2752852057814571
675,Nigeria Player 675,Nigeria,FW,3103,0.38499636648515007,0.2749430299758325
676,Algeria Player 676,Algeria,GK,2987,0.15403153840267453,0.06848272277038467
677,Algeria Player 677,Algeria,GK,2968,0.1658731878086467,0.050080314905002435
678,Algeria Player 678,Algeria,GK,3032,0.1891643522503344,0.0006791882677730717
679,Algeria Player 679,Algeria,CB,2852,0.18184664136351397,1.117464348164945
680,Algeria Player 680,Algeria,CB,3028,0.19228806581875646,1.076567485366045
681,Algeria Player 681,Algeria,CB,2918,0.14973507895327914,1.1362891778836075
682,Algeria Player 682,Algeria,CB,2997,0.16114971442796897,1.1231251005538412
683,Algeria Player 683,Algeria,CB,2961,0.1699823051952259,1.1323659631167087
684,Algeria Player 684,Algeria,FB,3139,0.2175500204078841,0.8215264501036997
685,Algeria Player 685,Algeria,FB,3062,0.20676376453940487,0.8157415276903067
686,Algeria Player 686,Algeria,FB,3029,0.2260177043029797,0.7321670486520893
687,Algeria Player 687,Algeria,FB,2890,0.230739619777821,0.7143329026704971
688,Algeria Player 688,Algeria,DM,3156,0.1832596995556773,1.1569829879534645
689,Algeria Player 689,Algeria,DM,2911,0.15392912836474196,1.0803914323443566
690,Algeria Player 690,Algeria,DM,2885,0.17272034720808174,1.158372442340366
691,Algeria Player 691,Algeria,CM,2928,0.188661741557347,0.2874832027243577
692,Algeria Player 692,Algeria,CM,2877,0.2550617379808706,0.24790393598452845
693,Algeria Player 693,Algeria,CM,2985,0.2271319729874978,0.2974790014544976
694,Algeria Player 694,Algeria,AM,2902,0.5014040854691907,0.2772187253796566
695,Algeria Player 695,Algeria,AM,2821,0.5122438855725352,0.2315386058253185
696,Algeria Player 696,Algeria,AM,2873,0.4707748940420513,0.30091327341264384
697,Algeria Player 697,Algeria,FW,2968,0.4383013018025226,0.23583936879540462
698,Algeria Player 698,Algeria,FW,2910,0.4814458333466517,0.21240118684042378
699,Algeria Player 699,Algeria,FW,2939,0.4436568615912859,0.3158245200366147
700,Algeria Player 700,Algeria,FW,2930,0.4625663768295983,0.250416135268476
701,Algeria Player 701,Algeria,FW,3139,0.46391102013176316,0.21367259356384116
702,Ivory Coast Player 702,Ivory Coast,GK,2893,0.1631413311323516,-0.010642740594224846
703,Ivory Coast Player 703,Ivory Coast,GK,3013,0.20314094660223794,-0.014901721098744748
704,Ivory Coast Player 704,Ivory Coast,GK,2824,0.21300969790452004,0.003881295246100521
705,Ivory Coast Player 705,Ivory Coast,CB,2910,0.21625523040383962,1.177877620844514
706,Ivory Coast Player 706,Ivory Coast,CB,2910,0.19770886624856002,1.2274099030297687
707,Ivory Coast Player 707,Ivory Coast,CB,3007,0.15632608016156585,1.1875664618905628
708,Ivory Coast Player 708,Ivory Coast,CB,2960,0.16147198508521124,1.2236710913632978
709,Ivory Coast Player 709,Ivory Coast,CB,3036,0.1708699665248213,1.1126323769115563
710,Ivory Coast Player 710,Ivory Coast,FB,3046,0.16614013461513147,0.6942722881159377
711,Ivory Coast Player 711,Ivory Coast,FB,3079,0.2126443426057143,0.746426208215841
712,Ivory Coast Player 712,Ivory Coast,FB,3029,0.20442035384870452,0.760692321307608
713,Ivory Coast Player 713,Ivory Coast,FB,3003,0.20746009963068807,0.7832987266268616
714,Ivory Coast Player 714,Ivory Coast,DM,2998,0.18446450721573188,1.1286616316522138
715,Ivory Coast Player 715,Ivory Coast,DM,3110,0.17573777140639396,1.1206561651681852
716,Ivory Coast Player 716,Ivory Coast,DM,2884,0.10170042549757832,1.127474617505039
717,Ivory Coast Player 717,Ivory Coast,CM,2943,0.23958689442939343,0.3052344352801753
718,Ivory Coast Player 718,Ivory Coast,CM,2989,0.2155601232197683,0.32897061670040684
719,Ivory Coast Player 719,Ivory Coast,CM,2987,0.19649476484830095,0.2845808123802924
720,Ivory Coast Player 720,Ivory Coast,AM,3118,0.48206364626441356,0.2511742209566756
721,Ivory Coast Player 721,Ivory Coast,AM,3038,0.5008920753842527,0.33531819571706084
722,Ivory Coast Player 722,Ivory Coast,AM,2974,0.5266912859757029,0.2976789391905978
723,Ivory Coast Player 723,Ivory Coast,FW,3028,0.46760701714178854,0.26485119644579236
724,Ivory Coast Player 724,Ivory Coast,FW,2971,0.4716811580157688,0.29731405370075026
725,Ivory Coast Player 725,Ivory Coast,FW,3024,0.4820058875206832,0.29823571833620705
726,Ivory Coast Player 726,Ivory Coast,FW,3080,0.4949004809926421,0.26305819025990224
727,Ivory Coast Player 727,Ivory Coast,FW,3006,0.4710839474613467,0.24492768097298412
728,Tunisia Player 728,Tunisia,GK,2959,0.19571536999948577,0.04653177587088228
729,Tunisia Player 729,Tunisia,GK,3078,0.172406211146938,0.06975349805211155
730,Tunisia Player 730,Tunisia,GK,2932,0.18016141096895208,0.07088858411178037
731,Tunisia Player 731,Tunisia,CB,2901,0.16279460049974026,1.194440196380863
732,Tunisia Player 732,Tunisia,CB,2845,0.16410789073134033,1.134641350415246
733,Tunisia Player 733,Tunisia,CB,3053,0.17786701319395914,1.1170995218613602
734,Tunisia Player 734,Tunisia,CB,2934,0.18867135581635766,1.0338772560064464
735,Tunisia Player 735,Tunisia,CB,2912,0.1701872885920595,1.1246490568727505
736,Tunisia Player 736,Tunisia,FB,3129,0.1974789926811942,0.737600630743623
737,Tunisia Player 737,Tunisia,FB,2870,0.2473194288664836,0.6931837690936862
738,Tunisia Player 738,Tunisia,FB,2885,0.2210132124686995,0.7276444072912418
739,Tunisia Player 739,Tunisia,FB,2935,0.26185168918433377,0.6462466570384368
740,Tunisia Player 740,Tunisia,DM,3104,0.15954798599412695,1.1689403550784738
741,Tunisia Player 741,Tunisia,DM,2904,0.2046882573088725,1.1346958549048993
742,Tunisia Player 742,Tunisia,DM,2937,0.1730261262230309,1.0415710416398125
743,Tunisia Player 743,Tunisia,CM,2901,0.23324944999949673,0.24966460748737518
744,Tunisia Player 744,Tunisia,CM,3096,0.24019786820167216,0.34293825318325694
745,Tunisia Player 745,Tunisia,CM,3031,0.20914377165566536,0.37016399402656625
746,Tunisia Player 746,Tunisia,AM,2894,0.5753676409666363,0.23405348222972497
747,Tunisia Player 747,Tunisia,AM,2942,0.51978682837675,0.2832712467112367
748,Tunisia Player 748,Tunisia,AM,2899,0.4990959649942794,0.3902149906033021
749,Tunisia Player 749,Tunisia,FW,2958,0.4762784848631324,0.1909869646524563
750,Tunisia Player 750,Tunisia,FW,3030,0.44302627650213827,0.31743284566800384
751,Tunisia Player 751,Tunisia,FW,2927,0.47515520942185896,0.2564743264246809
752,Tunisia Player 752,Tunisia,FW,2936,0.49482287151734133,0.27924667756651655
753,Tunisia Player 753,Tunisia,FW,2961,0.46288082772766714,0.30906039390020534
754,Cameroon Player 754,Cameroon,GK,2941,0.15788368122475085,0.03387953202104874
755,Cameroon Player 755,Cameroon,GK,2993,0.16003518654410223,0.027630052664500897
756,Cameroon Player 756,Cameroon,GK,3089,0.1862552600608399,0.041133753624365006
757,Cameroon Player 757,Cameroon,CB,2739,0.16268312941970628,1.1459121317675731
758,Cameroon Player 758,Cameroon,CB,2931,0.17360415683141986,1.0584235736214653
759,Cameroon Player 759,Cameroon,CB,2949,0.14818753613087113,1.2705787619638944
760,Cameroon Player 760,Cameroon,CB,2930,0.161582263911125,1.1460217230143728
761,Cameroon Player 761,Cameroon,CB,3104,0.14311236165180127,1.1760029358548303
762,Cameroon Player 762,Cameroon,FB,2992,0.24721291052312075,0.7081916826808945
763,Cameroon Player 763,Cameroon,FB,2954,0.23550764900864338,0.716939212973133
764,Cameroon Player 764,Cameroon,FB,2946,0.22280517735919106,0.8061494256799311
765,Cameroon Player 765,Cameroon,FB,2856,0.21997618553105466,0.7467505451525266
766,Cameroon Player 766,Cameroon,DM,2910,0.1445903327807638,1.1118969913024135
767,Cameroon Player 767,Cameroon,DM,2860,0.21356514338437269,1.084711166891641
768,Cameroon Player 768,Cameroon,DM,2956,0.1651771835443496,1.1773901593640195
769,Cameroon Player 769,Cameroon,CM,2899,0.24022447556978546,0.35045196469852935
770,Cameroon Player 770,Cameroon,CM,2887,0.2263641070699261,0.3187346522556719
771,Cameroon Player 771,Cameroon,CM,3084,0.25856833594634604,0.2964458821680927
772,Cameroon Player 772,Cameroon,AM,2918,0.48971359334196785,0.25555537864600386
773,Cameroon Player 773,Cameroon,AM,2796,0.5295109594948061,0.3117764642608621
774,Cameroon Player 774,Cameroon,AM,2898,0.5124453545051224,0.2144143979334077
775,Cameroon Player 775,Cameroon,FW,2926,0.46961363385085303,0.3367705132900544
776,Cameroon Player 776,Cameroon,FW,2990,0.46717381865947005,0.28105738406843145
777,Cameroon Player 777,Cameroon,FW,2995,0.4099144287450761,0.34421610701863925
778,Cameroon Player 778,Cameroon,FW,2905,0.4474613479311969,0.27588194495543567
779,Cameroon Player 779,Cameroon,FW,2880,0.4786603975926621,0.2351883060498674
780,Mali Player 780,Mali,GK,3004,0.155330514045142,-0.005368255987646254
781,Mali Player 781,Mali,GK,3060,0.16206055620845217,0.03418344144188309
782,Mali Player 782,Mali,GK,3096,0.16663876112256362,-0.020884492140391214
783,Mali Player 783,Mali,CB,3047,0.22464348351528723,1.059361205285812
784,Mali Player 784,Mali,CB,3019,0.15796982149068267,1.1606413038027075
785,Mali Player 785,Mali,CB,3079,0.16005521811204962,1.11625099014472
786,Mali Player 786,Mali,CB,2892,0.1898401025847475,1.074627367819947
787,Mali Player 787,Mali,CB,2924,0.18495423444619757,1.1388138125367777
788,Mali Player 788,Mali,FB,3024,0.17167634971060217,0.7156057856417766
789,Mali Player 789,Mali,FB,2976,0.24840124589802232,0.799718446569008
790,Mali Player 790,Mali,FB,3049,0.2517327185373409,0.6851301121738813
791,Mali Player 791,Mali,FB,2963,0.23380469403953746,0.8401769358031012
792,Mali Player 792,Mali,DM,3109,0.184725055655503,1.194497238700511
793,Mali Player 793,Mali,DM,3021,0.19261920014866907,1.1640850558327003
794,Mali Player 794,Mali,DM,2921,0.16187298321574387,1.056887828753729
795,Mali Player 795,Mali,CM,3099,0.2787849162365592,0.23100011812236287
796,Mali Player 796,Mali,CM,3040,0.2899218338867383,0.34365643061922696
797,Mali Player 797,Mali,CM,2843,0.25103758767856343,0.32400703176531387
798,Mali Player 798,Mali,AM,2948,0.5003971564039457,0.2702595942464716
799,Mali Player 799,Mali,AM,3038,0.47836261668122493,0.25113767883176924
800,Mali Player 800,Mali,AM,2983,0.5329460240022452,0.2711392448299558
801,Mali Player 801,Mali,FW,3067,0.48669261874809894,0.2535827163165974
802,Mali Player 802,Mali,FW,2928,0.43849244314102276,0.2629456603806956
803,Mali Player 803,Mali,FW,2926,0.459382244969509,0.31107967351404797
804,Mali Player 804,Mali,FW,3009,0.45062071518841906,0.2629124003231432
805,Mali Player 805,Mali,FW,3008,0.45919072190995475,0.2819102928258753
806,Japan Player 806,Japan,GK,3032,0.23336942636783783,0.07346439858134944
807,Japan Player 807,Japan,GK,3007,0.2888438000797353,0.1294059627083871
808,Japan Player 808,Japan,GK,2972,0.29304915868102305,0.05534860525909341
809,Japan Player 809,Japan,CB,2968,0.23105634050067242,1.8441237783495021
810,Japan Player 810,Japan,CB,2909,0.2449188336295003,1.8984029855527955
811,Japan Player 811,Japan,CB,2902,0.2621169829291314,1.9379277156737689
812,Japan Player 812,Japan,CB,3089,0.2105122675505343,1.9360904513157315
813,Japan Player 813,Japan,CB,3002,0.27850245660226014,1.9174640951961248
814,Japan Player 814,Japan,FB,2954,0.36091548868540163,1.2343419998787843
815,Japan Player 815,Japan,FB,3077,0.3466236681588287,1.3404726705135162
816,Japan Player 816,Japan,FB,2879,0.3552054169563664,1.1434628158755862
817,Japan Player 817,Japan,FB,3103,0.30952562467774314,1.41751126222343
818,Japan Player 818,Japan,DM,2931,0.25121124236581355,1.8419087388868396
819,Japan Player 819,Japan,DM,3005,0.25538649418569487,1.8581299055765705
820,Japan Player 820,Japan,DM,2976,0.2739929983024759,1.7691362218395623
821,Japan Player 821,Japan,CM,2870,0.3759829743867953,0.41948116804183105
822,Japan Player 822,Japan,CM,3197,0.4120426204504519,0.42609037528978994
823,Japan Player 823,Japan,CM,2907,0.35698260715133673,0.3981459060633977
824,Japan Player 824,Japan,AM,3112,0.7284659394624745,0.3686310044745055
825,Japan Player 825,Japan,AM,3070,0.9056338836198894,0.4357296878544535
826,Japan Player 826,Japan,AM,2852,0.8574902144842741,0.36826849997156286
827,Japan Player 827,Japan,FW,2959,0.7663826567279701,0.451092546421722
828,Japan Player 828,Japan,FW,2994,0.7963106059647395,0.46306224365902376
829,Japan Player 829,Japan,FW,3001,0.7498311800815349,0.4147597676319664
830,Japan Player 830,Japan,FW,2999,0.7652656901861914,0.4758883855750197
831,Japan Player 831,Japan,FW,2893,0.7595064752080829,0.46247183020770316
832,Iran Player 832,Iran,GK,2943,0.19130218976267074,-0.012275822740843175
833,Iran Player 833,Iran,GK,2923,0.1748121044675995,0.05061762655543427
834,Iran Player 834,Iran,GK,2800,0.16714269476510296,0.026664753114747648
835,Iran Player 835,Iran,CB,2939,0.18269056617210414,1.105073699809584
836,Iran Player 836,Iran,CB,3343,0.144869153380099,1.2111254172452983
837,Iran Player 837,Iran,CB,3014,0.131058120180187,1.0855032853650248
838,Iran Player 838,Iran,CB,3051,0.16836589418421333,1.2255314558390136
839,Iran Player 839,Iran,CB,2919,0.1492946581612263,1.2312398855870175
840,Iran Player 840,Iran,FB,2938,0.2385206548035651,0.769507726141176
841,Iran Player 841,Iran,FB,3108,0.22493539769120702,0.7661226329441094
842,Iran Player 842,Iran,FB,3015,0.22747155139958264,0.7516500698208406
843,Iran Player 843,Iran,FB,3082,0.21034576496752055,0.7631144518018841
844,Iran Player 844,Iran,DM,3091,0.17707109723004952,1.1850914179918395
845,Iran Player 845,Iran,DM,2989,0.1939537756607385,1.1294685303751268
846,Iran Player 846,Iran,DM,2908,0.15873453030370233,1.069216715642017
847,Iran Player 847,Iran,CM,2927,0.2251629067596243,0.2712482239420685
848,Iran Player 848,Iran,CM,2796,0.2627614119206589,0.2701534550715772
849,Iran Player 849,Iran,CM,3022,0.21906258364198247,0.3114125497902844
850,Iran Player 850,Iran,AM,3065,0.44661042788325606,0.2652622944312711
851,Iran Player 851,Iran,AM,3097,0.5220579640628813,0.2949860743562861
852,Iran Player 852,Iran,AM,3052,0.5258703959303144,0.2749523276419497
853,Iran Player 853,Iran,FW,2991,0.43533660417317976,0.24305253134702645
854,Iran Player 854,Iran,FW,2969,0.4404865465283034,0.31020522136055506
855,Iran Player 855,Iran,FW,2953,0.44746597519671966,0.28256335652829256
856,Iran Player 856,Iran,FW,2995,0.44072425034497154,0.2723022044800234
857,Iran Player 857,Iran,FW,3061,0.45267912337961436,0.28948888867609635
858,South Korea Player 858,South Korea,GK,3020,0.1848450864745235,-0.000981991936982938
859,South Korea Player 859,South Korea,GK,3057,0.21059755814513847,0.08298795462546132
860,South Korea Player 860,South Korea,GK,3049,0.1409866369694913,0.007647345856138298
861,South Korea Player 861,South Korea,CB,2940,0.19651089062672217,1.2904313020618874
862,South Korea Player 862,South Korea,CB,2907,0.15917991488380406,1.2650282941530415
863,South Korea Player 863,South Korea,CB,3033,0.1582228459787697,1.2328290573699379
864,South Korea Player 864,South Korea,CB,2917,0.1601968538684414,1.2905297483789668
865,South Korea Player 865,South Korea,CB,2891,0.19384529111493748,1.306717381839436
866,South Korea Player 866,South Korea,FB,3129,0.2459931593823684,0.8683636760871994
867,South Korea Player 867,South Korea,FB,2895,0.28595686103513684,0.9043897096148489
868,South Korea Player 868,South Korea,FB,2979,0.24701971434735456,0.8783420730131057
869,South Korea Player 869,South Korea,FB,3079,0.2670207517045434,0.7559377474372556
870,South Korea Player 870,South Korea,DM,3086,0.22311255278873834,1.2874871029453967
871,South Korea Player 871,South Korea,DM,3028,0.23053189281861708,1.1683035119769445
872,South Korea Player 872,South Korea,DM,2908,0.1528635258015279,1.121439426871802
873,South Korea Player 873,South Korea,CM,3071,0.24478872585446976,0.2578460725105802
874,South Korea Player 874,South Korea,CM,2997,0.20303569052649684,0.3428160764890193
875,South Korea Player 875,South Korea,CM,2959,0.2570742480682989,0.3123525222709247
876,South Korea Player 876,South Korea,AM,3159,0.518433483466961,0.2957692893502055
877,South Korea Player 877,South Korea,AM,3008,0.5335814923201897,0.2891539233641435
878,South Korea Player 878,South Korea,AM,3009,0.5359814191180149,0.261811810628133
879,South Korea Player 879,South Korea,FW,3261,0.4658636117326794,0.265200440342354
880,South Korea Player 880,South Korea,FW,3106,0.43357067957129725,0.3118927869488186
881,South Korea Player 881,South Korea,FW,3120,0.5069300778554238,0.31091513916045005
882,South Korea Player 882,South Korea,FW,3099,0.5209568097489852,0.33260404555773543
883,South Korea Player 883,South Korea,FW,2972,0.5295012608223648,0.3712772730115707
884,Australia Player 884,Australia,GK,3051,0.16360059207902522,0.05969728576717617
885,Australia Player 885,Australia,GK,2994,0.20165801976964715,0.009472248189928565
886,Australia Player 886,Australia,GK,3043,0.14005313707459055,-0.034242380513816784
887,Australia Player 887,Australia,CB,3055,0.13513010718947246,1.1586594170320332
888,Australia Player 888,Australia,CB,3085,0.1557394441870192,1.1890303227674477
889,Australia Player 889,Australia,CB,2931,0.1845241641376598,1.2116784992372531
890,Australia Player 890,Australia,CB,3010,0.16784292714947116,1.1786164345089076
891,Australia Player 891,Australia,CB,2927,0.20779719164801524,1.2426716415069472
892,Australia Player 892,Australia,FB,2995,0.2348475455315657,0.7911994287603191
893,Australia Player 893,Australia,FB,3070,0.24049085367401768,0.7434548063782903
894,Australia Player 894,Australia,FB,2887,0.2482087260659468,0.7562146176973739
895,Australia Player 895,Australia,FB,2943,0.2666322105732835,0.7683087941052689
896,Australia Player 896,Australia,DM,3108,0.1976788962144533,1.0075637662205683
897,Australia Player 897,Australia,DM,2880,0.17564535219535482,1.1335237891206567
898,Australia Player 898,Australia,DM,2870,0.22092024057643447,1.086419719247033
899,Australia Player 899,Australia,CM,2966,0.22925421313771335,0.3332544506882314
900,Australia Player 900,Australia,CM,2871,0.21782222342274182,0.3624407393370913
901,Australia Player 901,Australia,CM,3061,0.20628494494323568,0.31172811779019377
902,Australia Player 902,Australia,AM,2988,0.5031095597053195,0.32832608564378246
903,Australia Player 903,Australia,AM,2972,0.48742078500092906,0.329019979990349
904,Australia Player 904,Australia,AM,3027,0.5221696384137802,0.2941402168825459
905,Australia Player 905,Australia,FW,3079,0.4858380130552215,0.273996615744222
906,Australia Player 906,Australia,FW,2849,0.49278651857826095,0.3238462385612302
907,Australia Player 907,Australia,FW,3023,0.41810697673621955,0.3182150220165584
908,Australia Player 908,Australia,FW,2937,0.4180672571273233,0.3124858576725116
909,Australia Player 909,Australia,FW,2880,0.47465739088649217,0.29640023991497705
910,Saudi Arabia Player 910,Saudi Arabia,GK,2938,0.19627505652301935,-0.005877407702266908
911,Saudi Arabia Player 911,Saudi Arabia,GK,3051,0.18562883540251854,0.032284625124131716
912,Saudi Arabia Player 912,Saudi Arabia,GK,3007,0.18100931799978578,0.016739427638827162
913,Saudi Arabia Player 913,Saudi Arabia,CB,3029,0.1805233430587566,1.0308938152973315
914,Saudi Arabia Player 914,Saudi Arabia,CB,3005,0.1394596004197098,1.1159993479328127
915,Saudi Arabia Player 915,Saudi Arabia,CB,3018,0.19898273105225603,1.106758902329099
916,Saudi Arabia Player 916,Saudi Arabia,CB,3006,0.18232954719728217,1.1655124682677507
917,Saudi Arabia Player 917,Saudi Arabia,CB,2867,0.18665802088831326,1.2064021565917262
918,Saudi Arabia Player 918,Saudi Arabia,FB,3000,0.24556174608340745,0.907111748342033
919,Saudi Arabia Player 919,Saudi Arabia,FB,2996,0.2598752281526196,0.8274666265835399
920,Saudi Arabia Player 920,Saudi Arabia,FB,3011,0.2045021059086186,0.7534048251513936
921,Saudi Arabia Player 921,Saudi Arabia,FB,2901,0.23575021614020306,0.7885454481925845
922,Saudi Arabia Player 922,Saudi Arabia,DM,2811,0.16807695460051716,1.170867674117905
923,Saudi Arabia Player 923,Saudi Arabia,DM,2923,0.15345966186070353,1.078290422106748
924,Saudi Arabia Player 924,Saudi Arabia,DM,2943,0.1913614600554818,0.9813852741943051
925,Saudi Arabia Player 925,Saudi Arabia,CM,3043,0.2742173777162224,0.30498144004752953
926,Saudi Arabia Player 926,Saudi Arabia,CM,2974,0.23047872936450253,0.3108598372555824
927,Saudi Arabia Player 927,Saudi Arabia,CM,3043,0.23417914974421478,0.3539057486470813
928,Saudi Arabia Player 928,Saudi Arabia,AM,3097,0.5311366554417292,0.21235648110236857
929,Saudi Arabia Player 929,Saudi Arabia,AM,3068,0.5064447025997295,0.2457106175083249
930,Saudi Arabia Player 930,Saudi Arabia,AM,2983,0.4727158554041814,0.30275752596227207
931,Saudi Arabia Player 931,Saudi Arabia,FW,3112,0.45705873567065675,0.3067852824537094
932,Saudi Arabia Player 932,Saudi Arabia,FW,3091,0.450345005002156,0.32015738432877977
933,Saudi Arabia Player 933,Saudi Arabia,FW,2955,0.4506953351774986,0.3231612533334904
934,Saudi Arabia Player 934,Saudi Arabia,FW,2847,0.40471654147954655,0.3046688465577753
935,Saudi Arabia Player 935,Saudi Arabia,FW,3012,0.4271466085636107,0.32267344406697374
936,Qatar Player 936,Qatar,GK,3039,0.2034294500941593,0.0012861276600092785
937,Qatar Player 937,Qatar,GK,2969,0.14728400869255426,0.03381264367103397
938,Qatar Player 938,Qatar,GK,2873,0.1286584862847487,0.02583482187261119
939,Qatar Player 939,Qatar,CB,3057,0.21720040840362587,1.1474174253064167
940,Qatar Player 940,Qatar,CB,3023,0.16632953512200627,1.1062356278913918
941,Qatar Player 941,Qatar,CB,2874,0.16382838071413164,1.2499325629390772
942,Qatar Player 942,Qatar,CB,2957,0.18613576833087214,1.2176893152941795
943,Qatar Player 943,Qatar,CB,3117,0.18630425474956946,1.101738702430702
944,Qatar Player 944,Qatar,FB,3071,0.2431680053929794,0.8361412203632683
945,Qatar Player 945,Qatar,FB,2834,0.27035531022471665,0.7496784820810939
946,Qatar Player 946,Qatar,FB,3077,0.21696347997605597,0.836318410020211
947,Qatar Player 947,Qatar,FB,3060,0.24594404357988936,0.6784825258722987
948,Qatar Player 948,Qatar,DM,2920,0.15309082366424745,1.054257313334438
949,Qatar Player 949,Qatar,DM,3078,0.1784309447987822,1.1054489726677117
950,Qatar Player 950,Qatar,DM,3005,0.19572513028933314,1.1108663413129862
951,Qatar Player 951,Qatar,CM,2992,0.25699834772247787,0.2858344445970301
952,Qatar Player 952,Qatar,CM,3097,0.23765877062872673,0.25652510944500745
953,Qatar Player 953,Qatar,CM,2968,0.2157897541282402,0.2879090693314115
954,Qatar Player 954,Qatar,AM,2972,0.5088670136020423,0.30678345612735
955,Qatar Player 955,Qatar,AM,3121,0.5170860893461277,0.29169590318903327
956,Qatar Player 956,Qatar,AM,3066,0.5570096351355514,0.2591791136305013
957,Qatar Player 957,Qatar,FW,2966,0.44128681571433676,0.2798908591790865
958,Qatar Player 958,Qatar,FW,3024,0.39258546747871087,0.2719821924750478
959,Qatar Player 959,Qatar,FW,3066,0.4001271713332257,0.31215114780392167
960,Qatar Player 960,Qatar,FW,3072,0.4617259797813895,0.28416456014910946
961,Qatar Player 961,Qatar,FW,3178,0.47635272076855584,0.3175663210534052
962,Iraq Player 962,Iraq,GK,3050,0.14534971017813464,0.011387498105401234
963,Iraq Player 963,Iraq,GK,2986,0.1657125876840351,-0.025380563474143948
964,Iraq Player 964,Iraq,GK,2921,0.1317324618883344,0.03857838690687235
965,Iraq Player 965,Iraq,CB,3240,0.1817684292079959,1.1189659161117052
966,Iraq Player 966,Iraq,CB,3003,0.19193510028478325,1.1238968633892599
967,Iraq Player 967,Iraq,CB,2852,0.21155747655426277,1.1426648355670308
968,Iraq Player 968,Iraq,CB,2941,0.1742139673686669,1.0309453958645067
969,Iraq Player 969,Iraq,CB,2976,0.17847826657131832,1.0324782230089513
970,Iraq Player 970,Iraq,FB,3197,0.23257121022260424,0.7559311689022796
971,Iraq Player 971,Iraq,FB,3006,0.24346254326959518,0.8302465801258695
972,Iraq Player 972,Iraq,FB,3090,0.21707220485754458,0.8109969597795219
973,Iraq Player 973,Iraq,FB,2974,0.27024836323525514,0.6875430969486076
974,Iraq Player 974,Iraq,DM,3072,0.18343886194168665,1.1032792041958215
975,Iraq Player 975,Iraq,DM,3010,0.19987080880597446,1.152161842885997
976,Iraq Player 976,Iraq,DM,2931,0.12143002896682986,1.113361505884056
977,Iraq Player 977,Iraq,CM,2945,0.2555640619967331,0.28794306293840016
978,Iraq Player 978,Iraq,CM,2937,0.23228470741089008,0.32629178570845735
979,Iraq Player 979,Iraq,CM,2788,0.27031444576491714,0.36641563245621234
980,Iraq Player 980,Iraq,AM,2940,0.501252347233711,0.3359590922707168
981,Iraq Player 981,Iraq,AM,3087,0.4700247333139675,0.26651279488114815
982,Iraq Player 982,Iraq,AM,2970,0.44529483764271854,0.31499408926905037
983,Iraq Player 983,Iraq,FW,3005,0.4481693555773381,0.3257955064441027
984,Iraq Player 984,Iraq,FW,2970,0.4786045341260269,0.27242317236472097
985,Iraq Player 985,Iraq,FW,3020,0.4590059618723487,0.28820286271232903
986,Iraq Player 986,Iraq,FW,2989,0.49056467538998455,0.29679182014729905
987,Iraq Player 987,Iraq,FW,2968,0.4657583090709832,0.31140009900275
988,UAE Player 988,UAE,GK,3055,0.14211398396554809,0.0229761853331204
989,UAE Player 989,UAE,GK,3102,0.203563100815387,0.033649527930282336
990,UAE Player 990,UAE,GK,2962,0.16313887548257022,0.013208605312866868
991,UAE Player 991,UAE,CB,3024,0.16270084642884866,1.07287140616954
992,UAE Player 992,UAE,CB,3010,0.1965203664474607,1.1691660462857134
993,UAE Player 993,UAE,CB,3015,0.15922572069147434,1.151254456298646
994,UAE Player 994,UAE,CB,2906,0.15754106743514892,1.194112171191781
995,UAE Player 995,UAE,CB,2911,0.18859104416697137,1.1613933358097828
996,UAE Player 996,UAE,FB,2867,0.22470943959743714,0.7829392774981019
997,UAE Player 997,UAE,FB,2957,0.18481950883872303,0.697017290737765
998,UAE Player 998,UAE,FB,3003,0.2167432131913942,0.7139146864290513
999,UAE Player 999,UAE,FB,3001,0.20644229652306875,0.8369647516605799
1000,UAE Player 1000,UAE,DM,2964,0.1457844180237214,1.1107795956136897
1001,UAE Player 1001,UAE,DM,2823,0.1537006958504663,1.1390260569589803
1002,UAE Player 1002,UAE,DM,3040,0.170304064193204,1.1523014220197656
1003,UAE Player 1003,UAE,CM,2923,0.27471963517369974,0.3382125497338488
1004,UAE Player 1004,UAE,CM,2903,0.23886556101169426,0.2703502331559278
1005,UAE Player 1005,UAE,CM,2826,0.19260287367404239,0.34133467431663594
1006,UAE Player 1006,UAE,AM,2918,0.5348313742970902,0.27032338112447624
1007,UAE Player 1007,UAE,AM,3069,0.5010132242421231,0.3069010962497084
1008,UAE Player 1008,UAE,AM,3052,0.5140236171892442,0.26213176234705376
1009,UAE Player 1009,UAE,FW,2986,0.4114146500610648,0.2519958987626545
1010,UAE Player 1010,UAE,FW,2939,0.42182974523414896,0.260880220076499
1011,UAE Player 1011,UAE,FW,3080,0.44822855782737897,0.29886545678560794
1012,UAE Player 1012,UAE,FW,3114,0.4691927930476774,0.2809084467513123
1013,UAE Player 1013,UAE,FW,2982,0.479379985882567,0.268841491269103
1014,USA Player 1014,USA,GK,3094,0.2557101765754128,0.028041037324796934
1015,USA Player 1015,USA,GK,3102,0.2938530427329331,0.013765986825375833
1016,USA Player 1016,USA,GK,3028,0.2444156095916586,0.09193132949288847
1017,USA Player 1017,USA,CB,2991,0.25485796873866723,1.96293628006188
1018,USA Player 1018,USA,CB,3045,0.2714300203677254,1.9714244872413749
1019,USA Player 1019,USA,CB,3038,0.26483364747477056,1.8581049205198097
1020,USA Player 1020,USA,CB,3089,0.2578975042472558,1.8350844355053717
1021,USA Player 1021,USA,CB,2930,0.2599356724855769,1.8489644796495956
1022,USA Player 1022,USA,FB,3012,0.3515962712960698,1.1758069342986788
1023,USA Player 1023,USA,FB,2922,0.3508294380342956,1.2906758452284408
1024,USA Player 1024,USA,FB,2952,0.35702903444924416,1.2810070035518388
1025,USA Player 1025,USA,FB,2874,0.36051300153418586,1.2774957095757447
1026,USA Player 1026,USA,DM,2974,0.24542516273405804,1.9009541819855171
1027,USA Player 1027,USA,DM,3035,0.23556612204897487,1.9272742500687525
1028,USA Player 1028,USA,DM,3088,0.29034549139369087,1.7368243549452798
1029,USA Player 1029,USA,CM,3077,0.36980047057047394,0.48293196243089387
1030,USA Player 1030,USA,CM,3006,0.3456464415075474,0.4979833546588392
1031,USA Player 1031,USA,CM,2809,0.340424629533348,0.3913035960199835
1032,USA Player 1032,USA,AM,3001,0.7886656025518605,0.3722492841975152
1033,USA Player 1033,USA,AM,2720,0.8402652118765402,0.4416155638941999
1034,USA Player 1034,USA,AM,3109,0.8094608163514684,0.44337277175668227
1035,USA Player 1035,USA,FW,3073,0.7455455881032401,0.5107331360394354
1036,USA Player 1036,USA,FW,2945,0.7175750590156134,0.5302483554341301
1037,USA Player 1037,USA,FW,3118,0.7226940611662032,0.5061231510768482
1038,USA Player 1038,USA,FW,2968,0.73430772603324,0.4490723430363852
1039,USA Player 1039,USA,FW,2979,0.7586589606506976,0.4040827650642984
1040,Mexico Player 1040,Mexico,GK,2964,0.20434686040210107,-0.0053831409314846245
1041,Mexico Player 1041,Mexico,GK,2963,0.1853710499344902,0.04091898431408888
1042,Mexico Player 1042,Mexico,GK,2913,0.19469694436879717,0.03458817030172716
1043,Mexico Player 1043,Mexico,CB,2965,0.22907658132336553,1.3101116652764992
1044,Mexico Player 1044,Mexico,CB,2916,0.17909102826327147,1.2564506705346126
1045,Mexico Player 1045,Mexico,CB,3072,0.179985866245502,1.1237279965901574
1046,Mexico Player 1046,Mexico,CB,2858,0.13862116926006224,1.1971983118630238
1047,Mexico Player 1047,Mexico,CB,3025,0.16770000070148944,1.1731890750953728
1048,Mexico Player 1048,Mexico,FB,3009,0.2531801593633949,0.8370231129621587
1049,Mexico Player 1049,Mexico,FB,3124,0.25148195058065176,0.8571755360383743
1050,Mexico Player 1050,Mexico,FB,2902,0.20798041833844894,0.8478034627105647
1051,Mexico Player 1051,Mexico,FB,3013,0.22303425458934822,0.7886235267103016
1052,Mexico Player 1052,Mexico,DM,3036,0.15489670389526555,1.1857687491734852
1053,Mexico Player 1053,Mexico,DM,2926,0.21178301118457057,1.2160005509855603
1054,Mexico Player 1054,Mexico,DM,2973,0.15024278433707897,1.2609794784454154
1055,Mexico Player 1055,Mexico,CM,2978,0.17633694691256488,0.24862121114941035
1056,Mexico Player 1056,Mexico,CM,3073,0.23981181028235315,0.22861463997087111
1057,Mexico Player 1057,Mexico,CM,2949,0.2323979915470565,0.2661985733020779
1058,Mexico Player 1058,Mexico,AM,2877,0.5237456312779066,0.40283717016618975
1059,Mexico Player 1059,Mexico,AM,2892,0.5402027924397159,0.2772932977272126
1060,Mexico Player 1060,Mexico,AM,2937,0.5747529677615933,0.304628196975061
1061,Mexico Player 1061,Mexico,FW,2959,0.5403245384110736,0.30752139608119305
1062,Mexico Player 1062,Mexico,FW,2918,0.4999491721085146,0.31472992063491284
1063,Mexico Player 1063,Mexico,FW,2976,0.4791893663091848,0.25353171240967887
1064,Mexico Player 1064,Mexico,FW,3018,0.458114169951458,0.3695695171019673
1065,Mexico Player 1065,Mexico,FW,2900,0.5120588879577312,0.39391683495037516
1066,Canada Player 1066,Canada,GK,2896,0.17091282511377046,0.06476822236283872
1067,Canada Player 1067,Canada,GK,2959,0.17186062294881524,0.06414324186501948
1068,Canada Player 1068,Canada,GK,2840,0.15600117011841505,-0.041882506428879016
1069,Canada Player 1069,Canada,CB,2980,0.19772810217065556,1.1584840264872476
1070,Canada Player 1070,Canada,CB,3023,0.14009530752626323,1.1710149481764958
1071,Canada Player 1071,Canada,CB,3060,0.16611047731217599,1.1004483644665575
1072,Canada Player 1072,Canada,CB,2988,0.17725877272024015,1.0643544740184572
1073,Canada Player 1073,Canada,CB,2904,0.18835508395929781,1.0897017521607728
1074,Canada Player 1074,Canada,FB,2982,0.2057525135424551,0.7415832458620811
1075,Canada Player 1075,Canada,FB,3088,0.2514190935013409,0.7060353159641852
1076,Canada Player 1076,Canada,FB,3056,0.24886781130060626,0.7135116761978832
1077,Canada Player 1077,Canada,FB,2932,0.21852335824606028,0.764687021724944
1078,Canada Player 1078,Canada,DM,2942,0.22664814486567064,1.1244171555881561
1079,Canada Player 1079,Canada,DM,2953,0.19030178183657387,1.067835656029966
1080,Canada Player 1080,Canada,DM,2985,0.18760125314390788,1.161752336505959
1081,Canada Player 1081,Canada,CM,3000,0.1851085354624293,0.29850267494706434
1082,Canada Player 1082,Canada,CM,2968,0.2358778184768304,0.363221885822428
1083,Canada Player 1083,Canada,CM,3035,0.2666065860269479,0.26512178308957873
1084,Canada Player 1084,Canada,AM,3058,0.514462132972169,0.2296320800545429
1085,Canada Player 1085,Canada,AM,3047,0.5285460498626253,0.298847737415548
1086,Canada Player 1086,Canada,AM,2951,0.5010108629667603,0.313021708163008
1087,Canada Player 1087,Canada,FW,2790,0.4678952878930698,0.3631266170101777
1088,Canada Player 1088,Canada,FW,3074,0.41477578215526933,0.334091026671664
1089,Canada Player 1089,Canada,FW,2995,0.3946827857050166,0.35359990412736664
1090,Canada Player 1090,Canada,FW,3177,0.4542842272056312,0.2673776940174897
1091,Canada Player 1091,Canada,FW,2964,0.45739201330280915,0.2821628838135749
1092,Panama Player 1092,Panama,GK,3020,0.18358187177684507,0.0002712142384405255
1093,Panama Player 1093,Panama,GK,3089,0.15636509285792705,0.058143674174347154
1094,Panama Player 1094,Panama,GK,2943,0.1972342240846528,0.03302156463802412
1095,Panama Player 1095,Panama,CB,2948,0.1929270394663735,1.1259559450085197
1096,Panama Player 1096,Panama,CB,3008,0.1321756110064757,1.1084497253538759
1097,Panama Player 1097,Panama,CB,3005,0.1842863903761276,1.0772181676907826
1098,Panama Player 1098,Panama,CB,3142,0.18001312016616447,1.0984325594214788
1099,Panama Player 1099,Panama,CB,3046,0.158273017395448,1.1563092879517647
1100,Panama Player 1100,Panama,FB,3076,0.22211712426757155,0.915210137299125
1101,Panama Player 1101,Panama,FB,2898,0.23161726919745643,0.8124704201918843
1102,Panama Player 1102,Panama,FB,3032,0.20581043963135165,0.8025400937836653
1103,Panama Player 1103,Panama,FB,3036,0.21769101895571139,0.773497749375181
1104,Panama Player 1104,Panama,DM,2992,0.1538603297754078,1.1788696679976887
1105,Panama Player 1105,Panama,DM,2994,0.1870343979395774,1.0632303646123493
1106,Panama Player 1106,Panama,DM,3082,0.1782648078449276,1.1460407414388418
1107,Panama Player 1107,Panama,CM,3043,0.19651008106764076,0.28030133081633657
1108,Panama Player 1108,Panama,CM,3030,0.20650928781663827,0.2859494081841953
1109,Panama Player 1109,Panama,CM,2876,0.24547330645779042,0.3391854293550883
1110,Panama Player 1110,Panama,AM,2865,0.5026839324435638,0.351644154969912
1111,Panama Player 1111,Panama,AM,2980,0.47107033198004333,0.31359255154007243
1112,Panama Player 1112,Panama,AM,2963,0.5341562636789677,0.2642960429948372
1113,Panama Player 1113,Panama,FW,2845,0.438998010026301,0.2940104222341579
1114,Panama Player 1114,Panama,FW,3055,0.47819614711751895,0.2392433105966755
1115,Panama Player 1115,Panama,FW,3028,0.4526759599888634,0.33964798376074534
1116,Panama Player 1116,Panama,FW,2907,0.4766548818335784,0.26643261794851136
1117,Panama Player 1117,Panama,FW,3067,0.4769283812020685,0.2652824278388382
1118,Costa Rica Player 1118,Costa Rica,GK,2936,0.19487032608017896,0.0020694254240539557
1119,Costa Rica Player 1119,Costa Rica,GK,3077,0.17076236704754325,0.011988943368628859
1120,Costa Rica Player 1120,Costa Rica,GK,2999,0.20740513953617223,-0.056253616705433315
1121,Costa Rica Player 1121,Costa Rica,CB,3039,0.148546007717226,1.063542008741135
1122,Costa Rica Player 1122,Costa Rica,CB,2843,0.18503603558666556,1.1860647978928827
1123,Costa Rica Player 1123,Costa Rica,CB,2985,0.1566408331281557,1.1509384120148578
1124,Costa Rica Player 1124,Costa Rica,CB,2973,0.16471725624008618,1.126147489872061
1125,Costa Rica Player 1125,Costa Rica,CB,2873,0.23061017286939708,1.176502850985575
1126,Costa Rica Player 1126,Costa Rica,FB,3107,0.2280066764903757,0.9224038263562322
1127,Costa Rica Player 1127,Costa Rica,FB,3101,0.2772272726249232,0.7363909457838991
1128,Costa Rica Player 1128,Costa Rica,FB,3035,0.22768016552197526,0.7178699852310311
1129,Costa Rica Player 1129,Costa Rica,FB,3096,0.2464507835620662,0.8195755717223816
1130,Costa Rica Player 1130,Costa Rica,DM,2923,0.17286369065483526,1.121662892224091
1131,Costa Rica Player 1131,Costa Rica,DM,2892,0.17219624752161306,1.1193134242960858
1132,Costa Rica Player 1132,Costa Rica,DM,2869,0.13222322264830544,1.0660218773654506
1133,Costa Rica Player 1133,Costa Rica,CM,3066,0.23890943565637204,0.29522465466999537
1134,Costa Rica Player 1134,Costa Rica,CM,3079,0.25228435576434693,0.2419328462090419
1135,Costa Rica Player 1135,Costa Rica,CM,2918,0.23943286413923645,0.22689527098782655
1136,Costa Rica Player 1136,Costa Rica,AM,2893,0.49618907241830545,0.29118598256896505
1137,Costa Rica Player 1137,Costa Rica,AM,3067,0.4468229788635606,0.2533824489641779
1138,Costa Rica Player 1138,Costa Rica,AM,2962,0.45873636393432804,0.2428301876796186
1139,Costa Rica Player 1139,Costa Rica,FW,2901,0.4869042909080082,0.2619800622096127
1140,Costa Rica Player 1140,Costa Rica,FW,2886,0.46667478095226983,0.2664885073329482
1141,Costa Rica Player 1141,Costa Rica,FW,3107,0.44563796038036985,0.2575529337762159
1142,Costa Rica Player 1142,Costa Rica,FW,2880,0.4186111715869707,0.3005163448822439
1143,Costa Rica Player 1143,Costa Rica,FW,2937,0.4460141662583408,0.30575740211797353
1144,Jamaica Player 1144,Jamaica,GK,2950,0.19039905604869561,0.004617839412293023
1145,Jamaica Player 1145,Jamaica,GK,3040,0.17511866923513456,0.03970937751540433
1146,Jamaica Player 1146,Jamaica,GK,3075,0.15054580213195287,0.01072740470091092
1147,Jamaica Player 1147,Jamaica,CB,2966,0.15326384889662045,1.0681555923183672
1148,Jamaica Player 1148,Jamaica,CB,3157,0.15761682213166622,1.1530281234054716
1149,Jamaica Player 1149,Jamaica,CB,3014,0.17454284956626664,1.1906258620049008
1150,Jamaica Player 1150,Jamaica,CB,3062,0.1995812433115016,1.1790729671432105
1151,Jamaica Player 1151,Jamaica,CB,2907,0.1740470717021545,1.1703107683621046
1152,Jamaica Player 1152,Jamaica,FB,3100,0.24442132767997624,0.7456654874862609
1153,Jamaica Player 1153,Jamaica,FB,2847,0.23717936625219452,0.7025240412893164
1154,Jamaica Player 1154,Jamaica,FB,2782,0.22845132347316652,0.7693523821158749
1155,Jamaica Player 1155,Jamaica,FB,2847,0.22237291171809517,0.6878244184553772
1156,Jamaica Player 1156,Jamaica,DM,2914,0.12455364291438545,1.1835072297027645
1157,Jamaica Player 1157,Jamaica,DM,2861,0.18139754348491022,1.097898963508083
1158,Jamaica Player 1158,Jamaica,DM,3112,0.15308477574055693,1.0049606951432495
1159,Jamaica Player 1159,Jamaica,CM,3075,0.20487445225529002,0.3296263180241621
1160,Jamaica Player 1160,Jamaica,CM,2929,0.19989951190501454,0.21639081757617018
1161,Jamaica Player 1161,Jamaica,CM,3039,0.2385590883810959,0.32076006238640953
1162,Jamaica Player 1162,Jamaica,AM,2798,0.5402806776672001,0.317336554919504
1163,Jamaica Player 1163,Jamaica,AM,3169,0.48497004009410327,0.27914720112064095
1164,Jamaica Player 1164,Jamaica,AM,2928,0.5241858986623356,0.3605144234440366
1165,Jamaica Player 1165,Jamaica,FW,2880,0.46242369703775327,0.28573323455096367
1166,Jamaica Player 1166,Jamaica,FW,3009,0.46979747074414824,0.33392322081253695
1167,Jamaica Player 1167,Jamaica,FW,2876,0.43083468326818974,0.2665326847474743
1168,Jamaica Player 1168,Jamaica,FW,3093,0.444248483837347,0.2256765852031983
1169,Jamaica Player 1169,Jamaica,FW,2935,0.47602561800561827,0.2329490680966369
1170,New Zealand Player 1170,New Zealand,GK,2859,0.1794479111346131,0.03304340295303552
1171,New Zealand Player 1171,New Zealand,GK,2978,0.15195306371246647,0.022814011626624754
1172,New Zealand Player 1172,New Zealand,GK,2981,0.1963807308473133,0.07090148733827425
1173,New Zealand Player 1173,New Zealand,CB,3085,0.18671029444967394,1.1309919004814484
1174,New Zealand Player 1174,New Zealand,CB,3069,0.1926714536568852,1.12312115176717
1175,New Zealand Player 1175,New Zealand,CB,2963,0.13720292489446956,1.1697563972921372
1176,New Zealand Player 1176,New Zealand,CB,3033,0.16753435519847454,1.0931515649136612
1177,New Zealand Player 1177,New Zealand,CB,3011,0.17851374245795695,1.2012213384818038
1178,New Zealand Player 1178,New Zealand,FB,3101,0.21890591422617164,0.8047047633063473
1179,New Zealand Player 1179,New Zealand,FB,2999,0.2443919773655426,0.7322394056015123
1180,New Zealand Player 1180,New Zealand,FB,2830,0.22439853421063885,0.7034073795702745
1181,New Zealand Player 1181,New Zealand,FB,2941,0.21029634249296406,0.793452647348486
1182,New Zealand Player 1182,New Zealand,DM,2847,0.19695922700790522,1.096530315463993
1183,New Zealand Player 1183,New Zealand,DM,2909,0.15529575454995276,1.0954422010755036
1184,New Zealand Player 1184,New Zealand,DM,2956,0.17591661211909754,1.1927189106478757
1185,New Zealand Player 1185,New Zealand,CM,3003,0.2563399222510264,0.28256179189101255
1186,New Zealand Player 1186,New Zealand,CM,3076,0.23983157854507076,0.32121075977699803
1187,New Zealand Player 1187,New Zealand,CM,3005,0.23311363089824366,0.284047034667162
1188,New Zealand Player 1188,New Zealand,AM,2997,0.5630770226124635,0.2970293092884719
1189,New Zealand Player 1189,New Zealand,AM,2903,0.5280029048253115,0.25448502823463476
1190,New Zealand Player 1190,New Zealand,AM,2940,0.5027515985244602,0.32802993016105575
1191,New Zealand Player 1191,New Zealand,FW,3010,0.426819267486174,0.3062866500626722
1192,New Zealand Player 1192,New Zealand,FW,2875,0.4695826526605609,0.2748001875219626
1193,New Zealand Player 1193,New Zealand,FW,3179,0.4654932210478206,0.2978299158415261
1194,New Zealand Player 1194,New Zealand,FW,3017,0.473080874055257,0.3038289950664011
1195,New Zealand Player 1195,New Zealand,FW,2989,0.4707584817044675,0.30197611254685625
1196,Sweden Player 1196,Sweden,GK,3025,0.1485785902052452,0.04174234861729989
1197,Sweden Player 1197,Sweden,GK,3028,0.1658430066502773,0.014984332350875493
1198,Sweden Player 1198,Sweden,GK,2975,0.1302638345495282,0.021706573702468947
1199,Sweden Player 1199,Sweden,CB,2955,0.14664751593353456,1.1613431042120017
1200,Sweden Player 1200,Sweden,CB,3056,0.19284988053612778,1.1639834388821988
1201,Sweden Player 1201,Sweden,CB,3018,0.15581388317840056,1.2389371343262865
1202,Sweden Player 1202,Sweden,CB,2999,0.19967590395251517,1.2343904911971648
1203,Sweden Player 1203,Sweden,CB,2952,0.17438707036675113,1.272834819290191
1204,Sweden Player 1204,Sweden,FB,2991,0.2547718613799728,0.7441491711783361
1205,Sweden Player 1205,Sweden,FB,3056,0.23126052457301718,0.8606934513686659
1206,Sweden Player 1206,Sweden,FB,3050,0.23051548509022596,0.7444055970924668
1207,Sweden Player 1207,Sweden,FB,2963,0.19570893277663468,0.7161436163672185
1208,Sweden Player 1208,Sweden,DM,3055,0.18985340618347113,1.1832437571251515
1209,Sweden Player 1209,Sweden,DM,2854,0.1703501090439056,1.1500983375014462
1210,Sweden Player 1210,Sweden,DM,2998,0.17839614345300736,1.0327227076585417
1211,Sweden Player 1211,Sweden,CM,2882,0.20513990237815524,0.24613576084470598
1212,Sweden Player 1212,Sweden,CM,3035,0.20444812628334808,0.31256632150891905
1213,Sweden Player 1213,Sweden,CM,2876,0.2328978705121986,0.2512533829915441
1214,Sweden Player 1214,Sweden,AM,3139,0.4991747882281278,0.2870002516223564
1215,Sweden Player 1215,Sweden,AM,2860,0.5705571289280152,0.2151031971103459
1216,Sweden Player 1216,Sweden,AM,2955,0.498769630259538,0.3093585304443472
1217,Sweden Player 1217,Sweden,FW,2983,0.41226126280017816,0.3252534439659207
1218,Sweden Player 1218,Sweden,FW,2994,0.5030238813005983,0.2826569137909485
1219,Sweden Player 1219,Sweden,FW,2990,0.4079677782768657,0.28960014554123137
1220,Sweden Player 1220,Sweden,FW,3037,0.4239376167504537,0.23050941288056698
1221,Sweden Player 1221,Sweden,FW,3007,0.44443423652239844,0.3137938222944111
1222,Peru Player 1222,Peru,GK,2807,0.1822287489705366,0.046198273061366625
1223,Peru Player 1223,Peru,GK,3172,0.21096247440308244,0.0433890745294046
1224,Peru Player 1224,Peru,GK,2844,0.15273765412950407,0.006214782547216809
1225,Peru Player 1225,Peru,CB,3017,0.1409707075747179,1.1888088405625894
1226,Peru Player 1226,Peru,CB,2980,0.15664872326279158,1.1145441928426332
1227,Peru Player 1227,Peru,CB,2978,0.1650128628964278,1.1747664062738579
1228,Peru Player 1228,Peru,CB,2956,0.20479182506471058,1.13848180873717
1229,Peru Player 1229,Peru,CB,2943,0.17056463808102013,1.0881700437865616
1230,Peru Player 1230,Peru,FB,3040,0.2289906061566781,0.8141506555448257
1231,Peru Player 1231,Peru,FB,3108,0.25133639219446124,0.7551419270078231
1232,Peru Player 1232,Peru,FB,2888,0.23376791766485577,0.8153398446046519
1233,Peru Player 1233,Peru,FB,2958,0.20395921640317655,0.7905062816291643
1234,Peru Player 1234,Peru,DM,2990,0.18871338822206632,1.0681517532308185
1235,Peru Player 1235,Peru,DM,2881,0.14963791914250432,1.2011733971636296
1236,Peru Player 1236,Peru,DM,2959,0.1945332842962417,1.0754573187603125
1237,Peru Player 1237,Peru,CM,2841,0.23618514027396761,0.24077878643482953
1238,Peru Player 1238,Peru,CM,3086,0.22930573343643748,0.27617090947576306
1239,Peru Player 1239,Peru,CM,2830,0.2696378529665329,0.2550001316591901
1240,Peru Player 1240,Peru,AM,2825,0.4399202586449077,0.323503868302821
1241,Peru Player 1241,Peru,AM,3027,0.5218901575376569,0.31666359875296374
1242,Peru Player 1242,Peru,AM,2948,0.5030496797623139,0.2945796904756468
1243,Peru Player 1243,Peru,FW,2988,0.46858225062796294,0.32409442831114593
1244,Peru Player 1244,Peru,FW,2974,0.47367178956955475,0.24817636778299285
1245,Peru Player 1245,Peru,FW,2918,0.42604520286888053,0.21741282637587478
1246,Peru Player 1246,Peru,FW,3117,0.4287350192478528,0.27572183782077003
1247,Peru Player 1247,Peru,FW,2901,0.419401576304852,0.29864449911931035
